<?xml version="1.0" encoding="UTF-8"?>

<ValueSet xmlns="http://hl7.org/fhir">
  <id value="personal-relationship-cz"/>
  <language value="cs"/>
  <text>
    <status value="extensions"/><div xml:lang="cs" xmlns="http://www.w3.org/1999/xhtml" lang="cs"><p class="res-header-id"><b>Generated Narrative: ValueSet personal-relationship-cz</b></p><a name="personal-relationship-cz"> </a><a name="hcpersonal-relationship-cz"> </a><div style="display: inline-block; background-color: #d9e0e7; padding: 6px; margin: 4px; border: 1px solid #8da1b4; border-radius: 5px; line-height: 60%"><p style="margin-bottom: 0px">Language: cs</p></div><p>This ValueSet requires the Code system Supplement <a href="CodeSystem-v3-RoleCode-cz.html">RoleCode (CZ Supplement)</a>.</p><ul><li>Include these codes as defined in <a href="http://terminology.hl7.org/7.0.1/CodeSystem-v3-RoleCode.html"><code>http://terminology.hl7.org/CodeSystem/v3-RoleCode</code></a><span title="Version is explicitly stated to be 3.0.0"> version &#x1F4CD;3.0.0</span><table class="none"><tr><td style="white-space:nowrap"><b>Code</b></td><td><b>Display</b></td><td><b>Definition</b></td></tr><tr><td><code>NOK</code></td><td style="color: #cccccc">next of kin</td><td>Played by an individual who is designated as the next of kin for another individual which scopes the role.</td></tr><tr><td><code>FAMMEMB</code></td><td style="color: #cccccc">family member</td><td>A relationship between two people characterizing their &quot;familial&quot; relationship</td></tr><tr><td><code>FRND</code></td><td style="color: #cccccc">unrelated friend</td><td>The player of the role is a person who is known, liked, and trusted by the scoping person.</td></tr><tr><td><code>NBOR</code></td><td style="color: #cccccc">neighbor</td><td>The player of the role lives near or next to the scoping person.</td></tr><tr><td><code>DAUFOST</code></td><td style="color: #cccccc">foster daughter</td><td>The player of the role is a female child receiving parental care and nurture from the scoping person (parent) but not related to him or her through legal or blood ties.</td></tr><tr><td><code>AUNT</code></td><td style="color: #cccccc">aunt</td><td>The player of the role is a sister of the scoping person's mother or father.</td></tr><tr><td><code>GRNDSON</code></td><td style="color: #cccccc">grandson</td><td>The player of the role is a son of the scoping person's son or daughter.</td></tr><tr><td><code>GRMTH</code></td><td style="color: #cccccc">grandmother</td><td>The player of the role is the mother of the scoping person's mother or father.</td></tr><tr><td><code>DOMPART</code></td><td style="color: #cccccc">domestic partner</td><td>The player of the role cohabits with the scoping person but is not the scoping person's spouse.</td></tr><tr><td><code>DAUADOPT</code></td><td style="color: #cccccc">adopted daughter</td><td>The player of the role is a female child taken into a family through legal means and raised by the scoping person (parent) as his or her own child.</td></tr><tr><td><code>SONINLAW</code></td><td style="color: #cccccc">son in-law</td><td>The player of the role is the husband of scoping person's daughter.</td></tr><tr><td><code>NIENEPH</code></td><td style="color: #cccccc">niece/nephew</td><td>The player of the role is a child of scoping person's brother or sister or of the brother or sister of the scoping person's spouse.</td></tr><tr><td><code>UNCLE</code></td><td style="color: #cccccc">uncle</td><td>The player of the role is a brother of the scoping person's mother or father.</td></tr><tr><td><code>GGRFTH</code></td><td style="color: #cccccc">great grandfather</td><td>The player of the role is the father of the scoping person's grandparent.</td></tr><tr><td><code>BROINLAW</code></td><td style="color: #cccccc">brother-in-law</td><td>The player of the role is: (1) a brother of the scoping person's spouse, or (2) the husband of the scoping person's sister, or (3) the husband of a sister of the scoping person's spouse.</td></tr><tr><td><code>CHLDFOST</code></td><td style="color: #cccccc">foster child</td><td>The player of the role is a child receiving parental care and nurture from the scoping person (parent) but not related to him or her through legal or blood ties.</td></tr><tr><td><code>DAUC</code></td><td style="color: #cccccc">daughter</td><td>**Description:** The player of the role is a female child (of any type) of scoping entity (parent)</td></tr><tr><td><code>SONC</code></td><td style="color: #cccccc">son</td><td>**Description:** The player of the role is a male child (of any type) of scoping entity (parent)</td></tr><tr><td><code>STPCHLD</code></td><td style="color: #cccccc">step child</td><td>The player of the role is a child of the scoping person's spouse by a previous union.</td></tr><tr><td><code>DAUINLAW</code></td><td style="color: #cccccc">daughter in-law</td><td>The player of the role is the wife of scoping person's son.</td></tr><tr><td><code>COUSN</code></td><td style="color: #cccccc">cousin</td><td>The player of the role is a relative of the scoping person descended from a common ancestor, such as a grandparent, by two or more steps in a diverging line.</td></tr><tr><td><code>SON</code></td><td style="color: #cccccc">natural son</td><td>The player of the role is a male offspring of the scoping entity (parent).</td></tr><tr><td><code>SPS</code></td><td style="color: #cccccc">spouse</td><td>The player of the role is a marriage partner of the scoping person.</td></tr><tr><td><code>CHLDADOPT</code></td><td style="color: #cccccc">adopted child</td><td>The player of the role is a child taken into a family through legal means and raised by the scoping person (parent) as his or her own child.</td></tr><tr><td><code>NCHILD</code></td><td style="color: #cccccc">natural child</td><td>The player of the role is an offspring of the scoping entity as determined by birth.</td></tr><tr><td><code>SIGOTHR</code></td><td style="color: #cccccc">significant other</td><td>A person who is important to one's well being; especially a spouse or one in a similar relationship. (The player is the one who is important)</td></tr><tr><td><code>GGRMTH</code></td><td style="color: #cccccc">great grandmother</td><td>The player of the role is the mother of the scoping person's grandparent.</td></tr><tr><td><code>MTH</code></td><td style="color: #cccccc">mother</td><td>The player of the role is a female who conceives, gives birth to, or raises and nurtures the scoping entity (child).</td></tr><tr><td><code>MTHINLAW</code></td><td style="color: #cccccc">mother-in-law</td><td>The player of the role is the mother of the scoping person's husband or wife.</td></tr><tr><td><code>BRO</code></td><td style="color: #cccccc">brother</td><td>The player of the role is a male sharing one or both parents in common with the scoping entity.</td></tr><tr><td><code>HUSB</code></td><td style="color: #cccccc">husband</td><td>The player of the role is a man joined to a woman (scoping person) in marriage.</td></tr><tr><td><code>PRN</code></td><td style="color: #cccccc">parent</td><td>The player of the role is one who begets, gives birth to, or nurtures and raises the scoping entity (child).</td></tr><tr><td><code>SIB</code></td><td style="color: #cccccc">sibling</td><td>The player of the role shares one or both parents in common with the scoping entity.</td></tr><tr><td><code>NIECE</code></td><td style="color: #cccccc">niece</td><td>The player of the role is a daughter of the scoping person's brother or sister or of the brother or sister of the scoping person's spouse.</td></tr><tr><td><code>FTH</code></td><td style="color: #cccccc">father</td><td>The player of the role is a male who begets or raises or nurtures the scoping entity (child).</td></tr><tr><td><code>FTHINLAW</code></td><td style="color: #cccccc">father-in-law</td><td>The player of the role is the father of the scoping person's husband or wife.</td></tr><tr><td><code>STPSON</code></td><td style="color: #cccccc">stepson</td><td>The player of the role is a son of the scoping person's spouse by a previous union.</td></tr><tr><td><code>SONFOST</code></td><td style="color: #cccccc">foster son</td><td>The player of the role is a male child receiving parental care and nurture from the scoping person (parent) but not related to him or her through legal or blood ties.</td></tr><tr><td><code>GGRPRN</code></td><td style="color: #cccccc">great grandparent</td><td>The player of the role is a parent of the scoping person's grandparent.</td></tr><tr><td><code>GRNDCHILD</code></td><td style="color: #cccccc">grandchild</td><td>The player of the role is a child of the scoping person's son or daughter.</td></tr><tr><td><code>EXT</code></td><td style="color: #cccccc">extended family member</td><td>**Description:** A family member not having an immediate genetic or legal relationship e.g. Aunt, cousin, great grandparent, grandchild, grandparent, niece, nephew or uncle.</td></tr><tr><td><code>SISINLAW</code></td><td style="color: #cccccc">sister-in-law</td><td>The player of the role is: (1) a sister of the scoping person's spouse, or (2) the wife of the scoping person's brother, or (3) the wife of a brother of the scoping person's spouse.</td></tr><tr><td><code>WIFE</code></td><td style="color: #cccccc">wife</td><td>The player of the role is a woman joined to a man (scoping person) in marriage.</td></tr><tr><td><code>DAU</code></td><td style="color: #cccccc">natural daughter</td><td>The player of the role is a female offspring of the scoping entity (parent).</td></tr><tr><td><code>GRPRN</code></td><td style="color: #cccccc">grandparent</td><td>The player of the role is a parent of the scoping person's mother or father.</td></tr><tr><td><code>CHILD</code></td><td style="color: #cccccc">child</td><td>The player of the role is a child of the scoping entity.</td></tr><tr><td><code>GRNDDAU</code></td><td style="color: #cccccc">granddaughter</td><td>The player of the role is a daughter of the scoping person's son or daughter.</td></tr><tr><td><code>GRFTH</code></td><td style="color: #cccccc">grandfather</td><td>The player of the role is the father of the scoping person's mother or father.</td></tr><tr><td><code>PRNINLAW</code></td><td style="color: #cccccc">parent in-law</td><td>The player of the role is the parent of scoping person's husband or wife.</td></tr><tr><td><code>ROOM</code></td><td style="color: #cccccc">Roommate</td><td>One who shares living quarters with the subject.</td></tr><tr><td><code>CHLDINLAW</code></td><td style="color: #cccccc">child-in-law</td><td>The player of the role is the spouse of scoping person's child.</td></tr><tr><td><code>SONADOPT</code></td><td style="color: #cccccc">adopted son</td><td>The player of the role is a male child taken into a family through legal means and raised by the scoping person (parent) as his or her own child.</td></tr><tr><td><code>STPDAU</code></td><td style="color: #cccccc">stepdaughter</td><td>The player of the role is a daughter of the scoping person's spouse by a previous union.</td></tr><tr><td><code>NEPHEW</code></td><td style="color: #cccccc">nephew</td><td>The player of the role is a son of the scoping person's brother or sister or of the brother or sister of the scoping person's spouse.</td></tr><tr><td><code>SIS</code></td><td style="color: #cccccc">sister</td><td>The player of the role is a female sharing one or both parents in common with the scoping entity.</td></tr></table></li></ul></div>
  </text>
  <extension url="http://hl7.org/fhir/StructureDefinition/valueset-supplement">
    <valueCanonical value="https://hl7.cz/terminology/CodeSystem/v3-RoleCode-cz"/>
  </extension>
  <url value="https://hl7.cz/terminology/ValueSet/personal-relationship-cz"/>
  <identifier>
    <system value="urn:ietf:rfc:3986"/>
    <value value="urn:oid:1.2.203.24341.11.1.8"/>
  </identifier>
  <version value="0.2.0"/>
  <name value="PersonalRelationshipCzVS"/>
  <title value="Role code (CZ)"/>
  <status value="active"/>
  <experimental value="false"/>
  <date value="2025-03-03T12:31:40.515581Z"/>
  <publisher value="HL7 Czech Republic"/>
  <contact>
    <name value="HL7 Czech Republic"/>
    <telecom>
      <system value="url"/>
      <value value="https://www.hl7.cz/"/>
    </telecom>
  </contact>
  <description value="Vztah kontaktní osoby k subjektu. (Relationship between subject and contact person.)"/>
  <jurisdiction>
    <coding>
      <system value="urn:iso:std:iso:3166"/>
      <code value="CZ"/>
      <display value="Czechia"/>
    </coding>
  </jurisdiction>
  <copyright value="HL7"/>
  <compose>
    <include>
      <system value="http://terminology.hl7.org/CodeSystem/v3-RoleCode"/>
      <version value="3.0.0"/>
      <concept>
        <code value="NOK"/>
      </concept>
      <concept>
        <code value="FAMMEMB"/>
      </concept>
      <concept>
        <code value="FRND"/>
      </concept>
      <concept>
        <code value="NBOR"/>
      </concept>
      <concept>
        <code value="DAUFOST"/>
      </concept>
      <concept>
        <code value="AUNT"/>
      </concept>
      <concept>
        <code value="GRNDSON"/>
      </concept>
      <concept>
        <code value="GRMTH"/>
      </concept>
      <concept>
        <code value="DOMPART"/>
      </concept>
      <concept>
        <code value="DAUADOPT"/>
      </concept>
      <concept>
        <code value="SONINLAW"/>
      </concept>
      <concept>
        <code value="NIENEPH"/>
      </concept>
      <concept>
        <code value="UNCLE"/>
      </concept>
      <concept>
        <code value="GGRFTH"/>
      </concept>
      <concept>
        <code value="BROINLAW"/>
      </concept>
      <concept>
        <code value="CHLDFOST"/>
      </concept>
      <concept>
        <code value="DAUC"/>
      </concept>
      <concept>
        <code value="SONC"/>
      </concept>
      <concept>
        <code value="STPCHLD"/>
      </concept>
      <concept>
        <code value="DAUINLAW"/>
      </concept>
      <concept>
        <code value="COUSN"/>
      </concept>
      <concept>
        <code value="SON"/>
      </concept>
      <concept>
        <code value="SPS"/>
      </concept>
      <concept>
        <code value="CHLDADOPT"/>
      </concept>
      <concept>
        <code value="NCHILD"/>
      </concept>
      <concept>
        <code value="SIGOTHR"/>
      </concept>
      <concept>
        <code value="GGRMTH"/>
      </concept>
      <concept>
        <code value="MTH"/>
      </concept>
      <concept>
        <code value="MTHINLAW"/>
      </concept>
      <concept>
        <code value="BRO"/>
      </concept>
      <concept>
        <code value="HUSB"/>
      </concept>
      <concept>
        <code value="PRN"/>
      </concept>
      <concept>
        <code value="SIB"/>
      </concept>
      <concept>
        <code value="NIECE"/>
      </concept>
      <concept>
        <code value="FTH"/>
      </concept>
      <concept>
        <code value="FTHINLAW"/>
      </concept>
      <concept>
        <code value="STPSON"/>
      </concept>
      <concept>
        <code value="SONFOST"/>
      </concept>
      <concept>
        <code value="GGRPRN"/>
      </concept>
      <concept>
        <code value="GRNDCHILD"/>
      </concept>
      <concept>
        <code value="EXT"/>
      </concept>
      <concept>
        <code value="SISINLAW"/>
      </concept>
      <concept>
        <code value="WIFE"/>
      </concept>
      <concept>
        <code value="DAU"/>
      </concept>
      <concept>
        <code value="GRPRN"/>
      </concept>
      <concept>
        <code value="CHILD"/>
      </concept>
      <concept>
        <code value="GRNDDAU"/>
      </concept>
      <concept>
        <code value="GRFTH"/>
      </concept>
      <concept>
        <code value="PRNINLAW"/>
      </concept>
      <concept>
        <code value="ROOM"/>
      </concept>
      <concept>
        <code value="CHLDINLAW"/>
      </concept>
      <concept>
        <code value="SONADOPT"/>
      </concept>
      <concept>
        <code value="STPDAU"/>
      </concept>
      <concept>
        <code value="NEPHEW"/>
      </concept>
      <concept>
        <code value="SIS"/>
      </concept>
    </include>
  </compose>
</ValueSet>