<?xml version="1.0" encoding="UTF-8"?>

<ValueSet xmlns="http://hl7.org/fhir">
  <id value="cz-sitequalifier"/>
  <text>
    <status value="generated"/><div xmlns="http://www.w3.org/1999/xhtml"><p class="res-header-id"><b>Generated Narrative: ValueSet cz-sitequalifier</b></p><a name="cz-sitequalifier"> </a><a name="hccz-sitequalifier"> </a><ul><li>Include these codes as defined in <a href="http://www.snomed.org/"><code>http://snomed.info/sct</code></a><span title="Version is not explicitly stated. No matching Code System found"> version Not Stated (use latest from terminology server)</span><table class="none"><tr><td style="white-space:nowrap"><b>Code</b></td><td><b>Display</b></td></tr><tr><td><a href="http://snomed.info/id/7771000">7771000</a></td><td>levý</td></tr><tr><td><a href="http://snomed.info/id/24028007">24028007</a></td><td>pravý</td></tr><tr><td><a href="http://snomed.info/id/51440002">51440002</a></td><td>laterálně</td></tr><tr><td><a href="http://snomed.info/id/46053002">46053002</a></td><td>distálně</td></tr><tr><td><a href="http://snomed.info/id/255554000">255554000</a></td><td>dorzálně</td></tr><tr><td><a href="http://snomed.info/id/261183002">261183002</a></td><td>horní</td></tr><tr><td><a href="http://snomed.info/id/261122009">261122009</a></td><td>dolní</td></tr><tr><td><a href="http://snomed.info/id/255561001">255561001</a></td><td>mediální</td></tr><tr><td><a href="http://snomed.info/id/49370004">49370004</a></td><td>laterální</td></tr><tr><td><a href="http://snomed.info/id/264217000">264217000</a></td><td>superioriní</td></tr><tr><td><a href="http://snomed.info/id/261089000">261089000</a></td><td>inferiorní</td></tr><tr><td><a href="http://snomed.info/id/255551008">255551008</a></td><td>posteriorní</td></tr><tr><td><a href="http://snomed.info/id/351726001">351726001</a></td><td>pod</td></tr><tr><td><a href="http://snomed.info/id/352730000">352730000</a></td><td>nad</td></tr><tr><td><a href="http://snomed.info/id/40415009">40415009</a></td><td>proximální</td></tr><tr><td><a href="http://snomed.info/id/255549009">255549009</a></td><td>anteriorní</td></tr><tr><td><a href="http://snomed.info/id/26283006">26283006</a></td><td>povrchový</td></tr><tr><td><a href="http://snomed.info/id/795002">795002</a></td><td>hloboký</td></tr><tr><td><a href="http://snomed.info/id/57195005">57195005</a></td><td>bazální</td></tr><tr><td><a href="http://snomed.info/id/3583002">3583002</a></td><td>kaudální</td></tr><tr><td><a href="http://snomed.info/id/66787007">66787007</a></td><td>cefalický</td></tr><tr><td><a href="http://snomed.info/id/255481003">255481003</a></td><td>levý horní kvadrant</td></tr><tr><td><a href="http://snomed.info/id/255497008">255497008</a></td><td>pravý horní kvadrant</td></tr><tr><td><a href="http://snomed.info/id/255480002">255480002</a></td><td>levý dolní kvadrant</td></tr><tr><td><a href="http://snomed.info/id/255495000">255495000</a></td><td>pravý dolní kvadrant</td></tr></table></li></ul></div>
  </text>
  <extension url="http://hl7.org/fhir/StructureDefinition/structuredefinition-fmm">
    <valueInteger value="2"/>
  </extension>
  <extension url="http://hl7.org/fhir/StructureDefinition/structuredefinition-standards-status">
    <valueCode value="trial-use"/>
  </extension>
  <url value="https://ncez.mzcr.cz/terminology/ValueSet/cz-sitequalifier"/>
  <version value="0.2.0"/>
  <name value="CZ_SiteQualifier"/>
  <title value="Body Structure Qualifier"/>
  <status value="active"/>
  <experimental value="false"/>
  <date value="2024-01-01"/>
  <publisher value="HL7 Czech Republic"/>
  <contact>
    <name value="HL7 Czech Republic"/>
    <telecom>
      <system value="url"/>
      <value value="https://www.hl7.cz/"/>
    </telecom>
  </contact>
  <description value="Body Structure site qualifier. It indicates the body site qualifier from which a specimen is collected. (based on SNOMED CT)"/>
  <jurisdiction>
    <coding>
      <system value="urn:iso:std:iso:3166"/>
      <code value="CZ"/>
      <display value="Czechia"/>
    </coding>
  </jurisdiction>
  <copyright value="This value set includes content from SNOMED CT, which is copyright © 2002+ International Health Terminology Standards Development Organisation (IHTSDO), and distributed by agreement between IHTSDO and HL7. Implementer use of SNOMED CT is not covered by this agreement"/>
  <compose>
    <include>
      <system value="http://snomed.info/sct"/>
      <concept>
        <code value="7771000"/>
        <display value="levý"/>
      </concept>
      <concept>
        <code value="24028007"/>
        <display value="pravý"/>
      </concept>
      <concept>
        <code value="51440002"/>
        <display value="laterálně"/>
      </concept>
      <concept>
        <code value="46053002"/>
        <display value="distálně"/>
      </concept>
      <concept>
        <code value="255554000"/>
        <display value="dorzálně"/>
      </concept>
      <concept>
        <code value="261183002"/>
        <display value="horní"/>
      </concept>
      <concept>
        <code value="261122009"/>
        <display value="dolní"/>
      </concept>
      <concept>
        <code value="255561001"/>
        <display value="mediální"/>
      </concept>
      <concept>
        <code value="49370004"/>
        <display value="laterální"/>
      </concept>
      <concept>
        <code value="264217000"/>
        <display value="superioriní"/>
      </concept>
      <concept>
        <code value="261089000"/>
        <display value="inferiorní"/>
      </concept>
      <concept>
        <code value="255551008"/>
        <display value="posteriorní"/>
      </concept>
      <concept>
        <code value="351726001"/>
        <display value="pod"/>
      </concept>
      <concept>
        <code value="352730000"/>
        <display value="nad"/>
      </concept>
      <concept>
        <code value="40415009"/>
        <display value="proximální"/>
      </concept>
      <concept>
        <code value="255549009"/>
        <display value="anteriorní"/>
      </concept>
      <concept>
        <code value="26283006"/>
        <display value="povrchový"/>
      </concept>
      <concept>
        <code value="795002"/>
        <display value="hloboký"/>
      </concept>
      <concept>
        <code value="57195005"/>
        <display value="bazální"/>
      </concept>
      <concept>
        <code value="3583002"/>
        <display value="kaudální"/>
      </concept>
      <concept>
        <code value="66787007"/>
        <display value="cefalický"/>
      </concept>
      <concept>
        <code value="255481003"/>
        <display value="levý horní kvadrant"/>
      </concept>
      <concept>
        <code value="255497008"/>
        <display value="pravý horní kvadrant"/>
      </concept>
      <concept>
        <code value="255480002"/>
        <display value="levý dolní kvadrant"/>
      </concept>
      <concept>
        <code value="255495000"/>
        <display value="pravý dolní kvadrant"/>
      </concept>
    </include>
  </compose>
</ValueSet>