{
  "resourceType" : "ValueSet",
  "id" : "dlp-atc",
  "language" : "cs",
  "text" : {
    "status" : "generated",
    "div" : "<div xml:lang=\"cs\" xmlns=\"http://www.w3.org/1999/xhtml\" lang=\"cs\"><p class=\"res-header-id\"><b>Generated Narrative: ValueSet dlp-atc</b></p><a name=\"dlp-atc\"> </a><a name=\"hcdlp-atc\"> </a><div style=\"display: inline-block; background-color: #d9e0e7; padding: 6px; margin: 4px; border: 1px solid #8da1b4; border-radius: 5px; line-height: 60%\"><p style=\"margin-bottom: 0px\">Language: cs</p></div><ul><li>Include all codes defined in <a href=\"CodeSystem-dlp-atc.html\"><code>https://sukl.cz/terminology/CodeSystem/dlp-atc</code></a><span title=\"Version is not explicitly stated, which means it is fixed to the version provided in this specification\"> version &#x1F4E6;0.2.0</span></li></ul></div>"
  },
  "extension" : [{
    "url" : "http://hl7.org/fhir/StructureDefinition/structuredefinition-fmm",
    "valueInteger" : 2
  },
  {
    "url" : "http://hl7.org/fhir/StructureDefinition/structuredefinition-standards-status",
    "valueCode" : "trial-use"
  }],
  "url" : "https://sukl.cz/terminology/ValueSet/dlp-atc",
  "version" : "0.2.0",
  "name" : "DLP_atc",
  "title" : "Český číselník ATC skupin",
  "status" : "active",
  "experimental" : false,
  "date" : "2025-01-17",
  "publisher" : "HL7 Czech Republic",
  "contact" : [{
    "name" : "HL7 Czech Republic",
    "telecom" : [{
      "system" : "url",
      "value" : "https://www.hl7.cz/"
    }]
  }],
  "description" : "Value set of DLP ATC",
  "jurisdiction" : [{
    "coding" : [{
      "system" : "urn:iso:std:iso:3166",
      "code" : "CZ",
      "display" : "Czechia"
    }]
  }],
  "compose" : {
    "include" : [{
      "system" : "https://sukl.cz/terminology/CodeSystem/dlp-atc"
    }]
  }
}