[
  {
    "id" : "administrative-gender-cz",
    "type" : "CodeSystem",
    "url" : "https://hl7.cz/terminology/CodeSystem/administrative-gender-cz",
    "version" : "0.1.0",
    "name" : "AdministrativeGenderCz"
  },
  {
    "id" : "coverage-selfpay-cz",
    "type" : "CodeSystem",
    "url" : "https://hl7.cz/terminology/CodeSystem/coverage-selfpay-cz",
    "version" : "0.1.0",
    "name" : "CoverageSelfPayCodesCZ"
  },
  {
    "id" : "v2-0131-cz",
    "type" : "CodeSystem",
    "url" : "https://hl7.cz/terminology/CodeSystem/v2-0131-cz",
    "version" : "0.1.0",
    "name" : "ContactRole2Cz"
  },
  {
    "id" : "v3-ActCode-cz",
    "type" : "CodeSystem",
    "url" : "https://hl7.cz/terminology/CodeSystem/v3-ActCode-cz",
    "version" : "0.1.0",
    "name" : "v3-ActCode"
  },
  {
    "id" : "v3-RoleCode-cz",
    "type" : "CodeSystem",
    "url" : "https://hl7.cz/terminology/CodeSystem/v3-RoleCode-cz",
    "version" : "0.1.0",
    "name" : "RoleCodeCz"
  },
  {
    "id" : "hl7.fhir.cz.terminology",
    "type" : "ImplementationGuide",
    "url" : "https://hl7.cz/terminology/ImplementationGuide/hl7.fhir.cz.terminology",
    "version" : "0.1.0",
    "name" : "HL7CzTerminologyImplementationGuide"
  },
  {
    "id" : "OP-NS",
    "type" : "ValueSet",
    "url" : "https://hl7.cz/terminology/ValueSet/OP-NS",
    "version" : "0.1.0",
    "name" : "OPNSVS"
  },
  {
    "id" : "administrative-gender-cz",
    "type" : "ValueSet",
    "url" : "https://hl7.cz/terminology/ValueSet/administrative-gender-cz",
    "version" : "0.1.0",
    "name" : "AdministrativeGenderCzVs"
  },
  {
    "id" : "contact-and-relationship-cz",
    "type" : "ValueSet",
    "url" : "https://hl7.cz/terminology/ValueSet/contact-and-relationship-cz",
    "version" : "0.1.0",
    "name" : "Hl7vsContactAndRelationshipCz100"
  },
  {
    "id" : "contactrole-cz",
    "type" : "ValueSet",
    "url" : "https://hl7.cz/terminology/ValueSet/contactrole-cz",
    "version" : "0.1.0",
    "name" : "Hl7vs_contactrole_cz"
  },
  {
    "id" : "cz-logo-mime-types",
    "type" : "ValueSet",
    "url" : "https://hl7.cz/terminology/ValueSet/cz-logo-mime-types",
    "version" : "0.1.0",
    "name" : "CZ_LogoMimeTypesVs"
  },
  {
    "id" : "passport-NS",
    "type" : "ValueSet",
    "url" : "https://hl7.cz/terminology/ValueSet/passport-NS",
    "version" : "0.1.0",
    "name" : "PassportNSVS"
  },
  {
    "id" : "personal-relationship-cz",
    "type" : "ValueSet",
    "url" : "https://hl7.cz/terminology/ValueSet/personal-relationship-cz",
    "version" : "0.1.0",
    "name" : "PersonalRelationshipCzVS",
    "oids" : ["1.2.203.24341.11.1.8"]
  },
  {
    "id" : "nclp-NCLPMAT",
    "type" : "CodeSystem",
    "url" : "https://ncez.mzcr.cz/nclp/CodeSystem/nclpmat",
    "version" : "0.1.0",
    "name" : "NCLPMAT"
  },
  {
    "id" : "absent-unknown-uv-ips-cz",
    "type" : "CodeSystem",
    "url" : "https://ncez.mzcr.cz/terminology/CodeSystem/absent-unknown-uv-ips-cz",
    "version" : "0.1.0",
    "name" : "AbsentAndUnknownDataUvIps"
  },
  {
    "id" : "drzar",
    "type" : "CodeSystem",
    "url" : "https://ncez.mzcr.cz/terminology/CodeSystem/drzar",
    "version" : "0.1.0",
    "name" : "CS_Drzar",
    "oids" : ["1.2.203.24341.11.2.10.1"]
  },
  {
    "id" : "healthInsuranceCompanyCode",
    "type" : "CodeSystem",
    "url" : "https://ncez.mzcr.cz/terminology/CodeSystem/healthInsuranceCompanyCode",
    "version" : "0.1.0",
    "name" : "CS_HealthInsuranceCompanyCode"
  },
  {
    "id" : "nrzp-povolani",
    "type" : "CodeSystem",
    "url" : "https://ncez.mzcr.cz/terminology/CodeSystem/nrzp-povolani",
    "version" : "0.1.0",
    "name" : "NRZP_Povolani",
    "oids" : ["1.2.203.24341.11.2.10.2.1"]
  },
  {
    "id" : "AllergenWithExceptions",
    "type" : "ValueSet",
    "url" : "https://ncez.mzcr.cz/terminology/ValueSet/AllergenWithExceptions",
    "version" : "0.1.0",
    "name" : "AllergenWithExceptions"
  },
  {
    "id" : "MedicalDeviceWithExceptions",
    "type" : "ValueSet",
    "url" : "https://ncez.mzcr.cz/terminology/ValueSet/MedicalDeviceWithExceptions",
    "version" : "0.1.0",
    "name" : "MedicalDeviceWithExceptionsVS"
  },
  {
    "id" : "cz-coverage-type",
    "type" : "ValueSet",
    "url" : "https://ncez.mzcr.cz/terminology/ValueSet/cz-coverage-type",
    "version" : "0.1.0",
    "name" : "CZ_CoverageType"
  },
  {
    "id" : "cz-sitequalifier",
    "type" : "ValueSet",
    "url" : "https://ncez.mzcr.cz/terminology/ValueSet/cz-sitequalifier",
    "version" : "0.1.0",
    "name" : "CZ_SiteQualifier"
  },
  {
    "id" : "cz-specimen-laterality",
    "type" : "ValueSet",
    "url" : "https://ncez.mzcr.cz/terminology/ValueSet/cz-specimen-laterality",
    "version" : "0.1.0",
    "name" : "CZ_LateralityVs"
  },
  {
    "id" : "cz-specimenAdditive",
    "type" : "ValueSet",
    "url" : "https://ncez.mzcr.cz/terminology/ValueSet/cz-specimenAdditive",
    "version" : "0.1.0",
    "name" : "CZ_SpecimenAdditive"
  },
  {
    "id" : "cz-specimencontainer",
    "type" : "ValueSet",
    "url" : "https://ncez.mzcr.cz/terminology/ValueSet/cz-specimencontainer",
    "version" : "0.1.0",
    "name" : "CZ_SpecimenContainer"
  },
  {
    "id" : "document-category",
    "type" : "ValueSet",
    "url" : "https://ncez.mzcr.cz/terminology/ValueSet/document-category",
    "version" : "0.1.0",
    "name" : "DocumentCategory"
  },
  {
    "id" : "drzar",
    "type" : "ValueSet",
    "url" : "https://ncez.mzcr.cz/terminology/ValueSet/drzar",
    "version" : "0.1.0",
    "name" : "Drzar",
    "oids" : ["1.2.203.24341.11.1.7"]
  },
  {
    "id" : "eHDSIAbsentOrUnknownAllergy-cz",
    "type" : "ValueSet",
    "url" : "https://ncez.mzcr.cz/terminology/ValueSet/eHDSIAbsentOrUnknownAllergy-cz",
    "version" : "0.1.0",
    "name" : "EHDSIAbsentOrUnknownAllergyCZ",
    "oids" : ["1.3.6.1.4.1.12559.11.10.1.3.1.42.47"]
  },
  {
    "id" : "eHDSIAbsentOrUnknownDevice-cz",
    "type" : "ValueSet",
    "url" : "https://ncez.mzcr.cz/terminology/ValueSet/eHDSIAbsentOrUnknownDevice-cz",
    "version" : "0.1.0",
    "name" : "EHDSIAbsentOrUnknownDeviceCZ",
    "oids" : ["1.3.6.1.4.1.12559.11.10.1.3.1.42.48"]
  },
  {
    "id" : "eHDSIAllergenNoDrug-cz",
    "type" : "ValueSet",
    "url" : "https://ncez.mzcr.cz/terminology/ValueSet/eHDSIAllergenNoDrug-cz",
    "version" : "0.1.0",
    "name" : "EHDSIAllergenNoDrugCZ",
    "oids" : ["1.3.6.1.4.1.12559.11.10.1.3.1.42.19"]
  },
  {
    "id" : "eHDSIExceptionalValue-cz",
    "type" : "ValueSet",
    "url" : "https://ncez.mzcr.cz/terminology/ValueSet/eHDSIExceptionalValue-cz",
    "version" : "0.1.0",
    "name" : "EHDSIExceptionalValueCZ",
    "oids" : ["1.3.6.1.4.1.12559.11.10.1.3.1.42.81"]
  },
  {
    "id" : "healthInsuranceCompanyCode",
    "type" : "ValueSet",
    "url" : "https://ncez.mzcr.cz/terminology/ValueSet/healthInsuranceCompanyCode",
    "version" : "0.1.0",
    "name" : "HealthInsuranceCompanyCode"
  },
  {
    "id" : "imaging-document-types",
    "type" : "ValueSet",
    "url" : "https://ncez.mzcr.cz/terminology/ValueSet/imaging-document-types",
    "version" : "0.1.0",
    "name" : "ImagingDocumentTypes"
  },
  {
    "id" : "lab-document-types",
    "type" : "ValueSet",
    "url" : "https://ncez.mzcr.cz/terminology/ValueSet/lab-document-types",
    "version" : "0.1.0",
    "name" : "LabDocumentTypes"
  },
  {
    "id" : "lab-specimenType",
    "type" : "ValueSet",
    "url" : "https://ncez.mzcr.cz/terminology/ValueSet/lab-specimenType",
    "version" : "0.1.0",
    "name" : "LabSpecimentype"
  },
  {
    "id" : "medical-device",
    "type" : "ValueSet",
    "url" : "https://ncez.mzcr.cz/terminology/ValueSet/medical-device",
    "version" : "0.1.0",
    "name" : "MedicalDeviceVS"
  },
  {
    "id" : "medical-document-type",
    "type" : "ValueSet",
    "url" : "https://ncez.mzcr.cz/terminology/ValueSet/medical-document-type",
    "version" : "0.1.0",
    "name" : "MedicalDocumentType"
  },
  {
    "id" : "nclpmat",
    "type" : "ValueSet",
    "url" : "https://ncez.mzcr.cz/terminology/ValueSet/nclpmat",
    "version" : "0.1.0",
    "name" : "NCLPMatVs"
  },
  {
    "id" : "nrzp-povolani-vs",
    "type" : "ValueSet",
    "url" : "https://ncez.mzcr.cz/terminology/ValueSet/nrzp-povolani-vs",
    "version" : "0.1.0",
    "name" : "NRZP_PovolaniVS"
  },
  {
    "id" : "nursing-document-type",
    "type" : "ValueSet",
    "url" : "https://ncez.mzcr.cz/terminology/ValueSet/nursing-document-type",
    "version" : "0.1.0",
    "name" : "NursingDocumentType"
  },
  {
    "id" : "referralorder-types",
    "type" : "ValueSet",
    "url" : "https://ncez.mzcr.cz/terminology/ValueSet/referralorder-types",
    "version" : "0.1.0",
    "name" : "ReferralorderTypes"
  },
  {
    "id" : "registering-provider-service-type-cz",
    "type" : "ValueSet",
    "url" : "https://ncez.mzcr.cz/terminology/ValueSet/registering-provider-service-type-cz",
    "version" : "0.1.0",
    "name" : "RegisteringProviderServiceTypeCz",
    "oids" : ["1.2.203.24341.11.1.10"]
  },
  {
    "id" : "search-document-types",
    "type" : "ValueSet",
    "url" : "https://ncez.mzcr.cz/terminology/ValueSet/search-document-types",
    "version" : "0.1.0",
    "name" : "SearchDocumentTypes"
  },
  {
    "id" : "dlp-atc",
    "type" : "CodeSystem",
    "url" : "https://sukl.cz/terminology/CodeSystem/dlp-atc",
    "version" : "0.1.0",
    "name" : "CS_DLP_atc"
  },
  {
    "id" : "dlp-formy",
    "type" : "CodeSystem",
    "url" : "https://sukl.cz/terminology/CodeSystem/dlp-formy",
    "version" : "0.1.0",
    "name" : "CS_DLP_formy"
  },
  {
    "id" : "dlp-lecivelatky",
    "type" : "CodeSystem",
    "url" : "https://sukl.cz/terminology/CodeSystem/dlp-lecivelatky",
    "version" : "0.1.0",
    "name" : "CS_DLP_lecivelatky",
    "oids" : ["1.2.203.24341.11.2.7.5"]
  },
  {
    "id" : "dlp-lecivepripravky",
    "type" : "CodeSystem",
    "url" : "https://sukl.cz/terminology/CodeSystem/dlp-lecivepripravky",
    "version" : "0.1.0",
    "name" : "CS_DLP_lecivepripravky"
  },
  {
    "id" : "dlp-atc",
    "type" : "ValueSet",
    "url" : "https://sukl.cz/terminology/ValueSet/dlp-atc",
    "version" : "0.1.0",
    "name" : "DLP_atc"
  },
  {
    "id" : "dlp-formy",
    "type" : "ValueSet",
    "url" : "https://sukl.cz/terminology/ValueSet/dlp-formy",
    "version" : "0.1.0",
    "name" : "DLP_formy"
  },
  {
    "id" : "dlp-lecivelatky",
    "type" : "ValueSet",
    "url" : "https://sukl.cz/terminology/ValueSet/dlp-lecivelatky",
    "version" : "0.1.0",
    "name" : "DLP_lecivelatky",
    "oids" : ["1.2.203.24341.11.1.11"]
  },
  {
    "id" : "dlp-lecivepripravky",
    "type" : "ValueSet",
    "url" : "https://sukl.cz/terminology/ValueSet/dlp-lecivepripravky",
    "version" : "0.1.0",
    "name" : "DLP_lecivepripravky"
  }
]
