<?xml version="1.0" encoding="UTF-8"?>

<CodeSystem xmlns="http://hl7.org/fhir">
  <id value="nrzp-povolani"/>
  <language value="cs"/>
  <text>
    <status value="generated"/><div xml:lang="cs" xmlns="http://www.w3.org/1999/xhtml" lang="cs"><p class="res-header-id"><b>Generated Narrative: CodeSystem nrzp-povolani</b></p><a name="nrzp-povolani"> </a><a name="hcnrzp-povolani"> </a><div style="display: inline-block; background-color: #d9e0e7; padding: 6px; margin: 4px; border: 1px solid #8da1b4; border-radius: 5px; line-height: 60%"><p style="margin-bottom: 0px">Language: cs</p></div><p>This case-sensitive code system <code>https://ncez.mzcr.cz/terminology/CodeSystem/nrzp-povolani</code> defines the following codes:</p><table class="codes"><tr><td style="white-space:nowrap"><b>Code</b></td><td><b>Display</b></td></tr><tr><td style="white-space:nowrap">L1<a name="nrzp-povolani-L1"> </a></td><td>Lékař po absolvování odborné způsobilosti (L1)</td></tr><tr><td style="white-space:nowrap">L2<a name="nrzp-povolani-L2"> </a></td><td>Lékař po absolvování základního kmene (L2)</td></tr><tr><td style="white-space:nowrap">L3<a name="nrzp-povolani-L3"> </a></td><td>Lékař po absolvování specializačního vzdělání (L3)</td></tr><tr><td style="white-space:nowrap">Z00<a name="nrzp-povolani-Z00"> </a></td><td>Zubní lékař</td></tr><tr><td style="white-space:nowrap">F00<a name="nrzp-povolani-F00"> </a></td><td>Farmaceut</td></tr><tr><td style="white-space:nowrap">NL01<a name="nrzp-povolani-NL01"> </a></td><td>Všeobecná sestra</td></tr><tr><td style="white-space:nowrap">NL013<a name="nrzp-povolani-NL013"> </a></td><td>Dětská sestra</td></tr><tr><td style="white-space:nowrap">NL02<a name="nrzp-povolani-NL02"> </a></td><td>Porodní asistentka</td></tr><tr><td style="white-space:nowrap">NL03<a name="nrzp-povolani-NL03"> </a></td><td>Ergoterapeut</td></tr><tr><td style="white-space:nowrap">NL04<a name="nrzp-povolani-NL04"> </a></td><td>Radiologický asistent</td></tr><tr><td style="white-space:nowrap">NL05<a name="nrzp-povolani-NL05"> </a></td><td>Zdravotní laborant</td></tr><tr><td style="white-space:nowrap">NL06<a name="nrzp-povolani-NL06"> </a></td><td>Zdravotně-sociální pracovník</td></tr><tr><td style="white-space:nowrap">NL07<a name="nrzp-povolani-NL07"> </a></td><td>Optometrista</td></tr><tr><td style="white-space:nowrap">NL08<a name="nrzp-povolani-NL08"> </a></td><td>Ortoptista</td></tr><tr><td style="white-space:nowrap">NL09<a name="nrzp-povolani-NL09"> </a></td><td>Asistent ochrany a podpory veřejného zdraví</td></tr><tr><td style="white-space:nowrap">NL10<a name="nrzp-povolani-NL10"> </a></td><td>Ortotik-protetik</td></tr><tr><td style="white-space:nowrap">NL11<a name="nrzp-povolani-NL11"> </a></td><td>Nutriční terapeut</td></tr><tr><td style="white-space:nowrap">NL12<a name="nrzp-povolani-NL12"> </a></td><td>Zubní technik</td></tr><tr><td style="white-space:nowrap">NL13<a name="nrzp-povolani-NL13"> </a></td><td>Dentální hygienistka</td></tr><tr><td style="white-space:nowrap">NL14<a name="nrzp-povolani-NL14"> </a></td><td>Zdravotnický záchranář</td></tr><tr><td style="white-space:nowrap">NL15<a name="nrzp-povolani-NL15"> </a></td><td>Farmaceutický asistent</td></tr><tr><td style="white-space:nowrap">NL16<a name="nrzp-povolani-NL16"> </a></td><td>Biomedicínský technik</td></tr><tr><td style="white-space:nowrap">NL24<a name="nrzp-povolani-NL24"> </a></td><td>Radiologický fyzik</td></tr><tr><td style="white-space:nowrap">NL19<a name="nrzp-povolani-NL19"> </a></td><td>Adiktolog</td></tr><tr><td style="white-space:nowrap">NL20<a name="nrzp-povolani-NL20"> </a></td><td>Psycholog ve zdravotnictví</td></tr><tr><td style="white-space:nowrap">NL21<a name="nrzp-povolani-NL21"> </a></td><td>Logoped ve zdravotnictví</td></tr><tr><td style="white-space:nowrap">NL22<a name="nrzp-povolani-NL22"> </a></td><td>Zrakový terapeut</td></tr><tr><td style="white-space:nowrap">NL23<a name="nrzp-povolani-NL23"> </a></td><td>Fyzioterapeut</td></tr><tr><td style="white-space:nowrap">NL18<a name="nrzp-povolani-NL18"> </a></td><td>Radiologický technik</td></tr><tr><td style="white-space:nowrap">NL25<a name="nrzp-povolani-NL25"> </a></td><td>Odborný pracovník v laboratorních metodách a v přípravě léčivých přípravků</td></tr><tr><td style="white-space:nowrap">NL26<a name="nrzp-povolani-NL26"> </a></td><td>Biomedicínský inženýr</td></tr><tr><td style="white-space:nowrap">NL27<a name="nrzp-povolani-NL27"> </a></td><td>Odborný pracovník v ochraně a podpoře veřejného zdraví</td></tr><tr><td style="white-space:nowrap">NL28<a name="nrzp-povolani-NL28"> </a></td><td>Praktická sestra</td></tr><tr><td style="white-space:nowrap">NL29<a name="nrzp-povolani-NL29"> </a></td><td>Behaviorální analytik</td></tr><tr><td style="white-space:nowrap">NL31<a name="nrzp-povolani-NL31"> </a></td><td>Specialista tradiční čínské medicíny</td></tr><tr><td style="white-space:nowrap">NL30<a name="nrzp-povolani-NL30"> </a></td><td>Terapeut tradiční čínské medicíny</td></tr><tr><td style="white-space:nowrap">NL60<a name="nrzp-povolani-NL60"> </a></td><td>Asistent behaviorálního analytika</td></tr><tr><td style="white-space:nowrap">NL61<a name="nrzp-povolani-NL61"> </a></td><td>Behaviorální technik</td></tr><tr><td style="white-space:nowrap">NL63<a name="nrzp-povolani-NL63"> </a></td><td>Laboratorní asistent</td></tr><tr><td style="white-space:nowrap">NL64<a name="nrzp-povolani-NL64"> </a></td><td>Ortoticko-protetický technik</td></tr><tr><td style="white-space:nowrap">NL65<a name="nrzp-povolani-NL65"> </a></td><td>Nutriční asistent</td></tr><tr><td style="white-space:nowrap">NL66<a name="nrzp-povolani-NL66"> </a></td><td>Asistent zubního technika</td></tr><tr><td style="white-space:nowrap">NL68<a name="nrzp-povolani-NL68"> </a></td><td>Řidič vozidla zdravotnické záchranné služby</td></tr><tr><td style="white-space:nowrap">NL69<a name="nrzp-povolani-NL69"> </a></td><td>Ošetřovatel</td></tr><tr><td style="white-space:nowrap">NL70<a name="nrzp-povolani-NL70"> </a></td><td>Masér ve zdravotnictví, nevidomý a slabozraký masér ve zdravotnictví</td></tr><tr><td style="white-space:nowrap">NL73<a name="nrzp-povolani-NL73"> </a></td><td>Zubní instrumentářka</td></tr><tr><td style="white-space:nowrap">NL74<a name="nrzp-povolani-NL74"> </a></td><td>Řidič zdravotnické dopravní služby</td></tr><tr><td style="white-space:nowrap">NL75<a name="nrzp-povolani-NL75"> </a></td><td>Autoptický laborant</td></tr><tr><td style="white-space:nowrap">NL76<a name="nrzp-povolani-NL76"> </a></td><td>Sanitář</td></tr><tr><td style="white-space:nowrap">L00<a name="nrzp-povolani-L00"> </a></td><td>Lékař</td></tr><tr><td style="white-space:nowrap">LA<a name="nrzp-povolani-LA"> </a></td><td>Lékař po absolvování studijního oboru v anglickém jazyce</td></tr><tr><td style="white-space:nowrap">FA<a name="nrzp-povolani-FA"> </a></td><td>Farmaceut po absolvování studijního oboru v anglickém jazyce</td></tr><tr><td style="white-space:nowrap">ZA<a name="nrzp-povolani-ZA"> </a></td><td>Zubní lékař po absolvování studijního oboru v anglickém jazyce</td></tr></table></div>
  </text>
  <url value="https://ncez.mzcr.cz/terminology/CodeSystem/nrzp-povolani"/>
  <identifier>
    <system value="urn:ietf:rfc:3986"/>
    <value value="urn:oid:1.2.203.24341.11.2.10.2.1"/>
  </identifier>
  <version value="0.1.0"/>
  <name value="NRZP_Povolani"/>
  <title value="NRZP - Czech health professional occupation"/>
  <status value="active"/>
  <experimental value="false"/>
  <date value="1980-01-01"/>
  <publisher value="HL7 Czech Republic"/>
  <contact>
    <name value="HL7 Czech Republic"/>
    <telecom>
      <system value="url"/>
      <value value="https://www.hl7.cz/"/>
    </telecom>
  </contact>
  <description value="Czech national code system for health professional occupation used in the national registry of healthcare practicioners."/>
  <jurisdiction>
    <coding>
      <system value="urn:iso:std:iso:3166"/>
      <code value="CZ"/>
      <display value="Czechia"/>
    </coding>
  </jurisdiction>
  <caseSensitive value="true"/>
  <content value="complete"/>
  <count value="53"/>
  <concept>
    <code value="L1"/>
    <display value="Lékař po absolvování odborné způsobilosti (L1)"/>
  </concept>
  <concept>
    <code value="L2"/>
    <display value="Lékař po absolvování základního kmene (L2)"/>
  </concept>
  <concept>
    <code value="L3"/>
    <display value="Lékař po absolvování specializačního vzdělání (L3)"/>
  </concept>
  <concept>
    <code value="Z00"/>
    <display value="Zubní lékař"/>
  </concept>
  <concept>
    <code value="F00"/>
    <display value="Farmaceut"/>
  </concept>
  <concept>
    <code value="NL01"/>
    <display value="Všeobecná sestra"/>
  </concept>
  <concept>
    <code value="NL013"/>
    <display value="Dětská sestra"/>
  </concept>
  <concept>
    <code value="NL02"/>
    <display value="Porodní asistentka"/>
  </concept>
  <concept>
    <code value="NL03"/>
    <display value="Ergoterapeut"/>
  </concept>
  <concept>
    <code value="NL04"/>
    <display value="Radiologický asistent"/>
  </concept>
  <concept>
    <code value="NL05"/>
    <display value="Zdravotní laborant"/>
  </concept>
  <concept>
    <code value="NL06"/>
    <display value="Zdravotně-sociální pracovník"/>
  </concept>
  <concept>
    <code value="NL07"/>
    <display value="Optometrista"/>
  </concept>
  <concept>
    <code value="NL08"/>
    <display value="Ortoptista"/>
  </concept>
  <concept>
    <code value="NL09"/>
    <display value="Asistent ochrany a podpory veřejného zdraví"/>
  </concept>
  <concept>
    <code value="NL10"/>
    <display value="Ortotik-protetik"/>
  </concept>
  <concept>
    <code value="NL11"/>
    <display value="Nutriční terapeut"/>
  </concept>
  <concept>
    <code value="NL12"/>
    <display value="Zubní technik"/>
  </concept>
  <concept>
    <code value="NL13"/>
    <display value="Dentální hygienistka"/>
  </concept>
  <concept>
    <code value="NL14"/>
    <display value="Zdravotnický záchranář"/>
  </concept>
  <concept>
    <code value="NL15"/>
    <display value="Farmaceutický asistent"/>
  </concept>
  <concept>
    <code value="NL16"/>
    <display value="Biomedicínský technik"/>
  </concept>
  <concept>
    <code value="NL24"/>
    <display value="Radiologický fyzik"/>
  </concept>
  <concept>
    <code value="NL19"/>
    <display value="Adiktolog"/>
  </concept>
  <concept>
    <code value="NL20"/>
    <display value="Psycholog ve zdravotnictví"/>
  </concept>
  <concept>
    <code value="NL21"/>
    <display value="Logoped ve zdravotnictví"/>
  </concept>
  <concept>
    <code value="NL22"/>
    <display value="Zrakový terapeut"/>
  </concept>
  <concept>
    <code value="NL23"/>
    <display value="Fyzioterapeut"/>
  </concept>
  <concept>
    <code value="NL18"/>
    <display value="Radiologický technik"/>
  </concept>
  <concept>
    <code value="NL25"/>
    <display value="Odborný pracovník v laboratorních metodách a v přípravě léčivých přípravků"/>
  </concept>
  <concept>
    <code value="NL26"/>
    <display value="Biomedicínský inženýr"/>
  </concept>
  <concept>
    <code value="NL27"/>
    <display value="Odborný pracovník v ochraně a podpoře veřejného zdraví"/>
  </concept>
  <concept>
    <code value="NL28"/>
    <display value="Praktická sestra"/>
  </concept>
  <concept>
    <code value="NL29"/>
    <display value="Behaviorální analytik"/>
  </concept>
  <concept>
    <code value="NL31"/>
    <display value="Specialista tradiční čínské medicíny"/>
  </concept>
  <concept>
    <code value="NL30"/>
    <display value="Terapeut tradiční čínské medicíny"/>
  </concept>
  <concept>
    <code value="NL60"/>
    <display value="Asistent behaviorálního analytika"/>
  </concept>
  <concept>
    <code value="NL61"/>
    <display value="Behaviorální technik"/>
  </concept>
  <concept>
    <code value="NL63"/>
    <display value="Laboratorní asistent"/>
  </concept>
  <concept>
    <code value="NL64"/>
    <display value="Ortoticko-protetický technik"/>
  </concept>
  <concept>
    <code value="NL65"/>
    <display value="Nutriční asistent"/>
  </concept>
  <concept>
    <code value="NL66"/>
    <display value="Asistent zubního technika"/>
  </concept>
  <concept>
    <code value="NL68"/>
    <display value="Řidič vozidla zdravotnické záchranné služby"/>
  </concept>
  <concept>
    <code value="NL69"/>
    <display value="Ošetřovatel"/>
  </concept>
  <concept>
    <code value="NL70"/>
    <display value="Masér ve zdravotnictví, nevidomý a slabozraký masér ve zdravotnictví"/>
  </concept>
  <concept>
    <code value="NL73"/>
    <display value="Zubní instrumentářka"/>
  </concept>
  <concept>
    <code value="NL74"/>
    <display value="Řidič zdravotnické dopravní služby"/>
  </concept>
  <concept>
    <code value="NL75"/>
    <display value="Autoptický laborant"/>
  </concept>
  <concept>
    <code value="NL76"/>
    <display value="Sanitář"/>
  </concept>
  <concept>
    <code value="L00"/>
    <display value="Lékař"/>
  </concept>
  <concept>
    <code value="LA"/>
    <display value="Lékař po absolvování studijního oboru v anglickém jazyce"/>
  </concept>
  <concept>
    <code value="FA"/>
    <display value="Farmaceut po absolvování studijního oboru v anglickém jazyce"/>
  </concept>
  <concept>
    <code value="ZA"/>
    <display value="Zubní lékař po absolvování studijního oboru v anglickém jazyce"/>
  </concept>
</CodeSystem>