{
  "resourceType" : "CodeSystem",
  "id" : "absent-unknown-uv-ips-cz",
  "language" : "cs",
  "text" : {
    "status" : "generated",
    "div" : "<div xml:lang=\"cs\" xmlns=\"http://www.w3.org/1999/xhtml\" lang=\"cs\"><p class=\"res-header-id\"><b>Generated Narrative: CodeSystem absent-unknown-uv-ips-cz</b></p><a name=\"absent-unknown-uv-ips-cz\"> </a><a name=\"hcabsent-unknown-uv-ips-cz\"> </a><div style=\"display: inline-block; background-color: #d9e0e7; padding: 6px; margin: 4px; border: 1px solid #8da1b4; border-radius: 5px; line-height: 60%\"><p style=\"margin-bottom: 0px\">Language: cs</p></div><p>This code system supplement <code>https://ncez.mzcr.cz/terminology/CodeSystem/absent-unknown-uv-ips-cz</code> defines displays on the following codes:</p><table class=\"codes\"><tr><td style=\"white-space:nowrap\"><b>Code</b></td><td><b>Display</b></td><td><b>Definition</b></td></tr><tr><td><a style=\"white-space:nowrap\" href=\"http://hl7.org/fhir/uv/ips/STU1.1/CodeSystem-absent-unknown-uv-ips.html#absent-unknown-uv-ips-no-allergy-info\">no-allergy-info</a><a name=\"absent-unknown-uv-ips-cz-no-allergy-info\"> </a></td><td>žádné informace o alergiích</td><td>Nejsou známy žádné informace o alergiích pacienta.</td></tr><tr><td><a style=\"white-space:nowrap\" href=\"http://hl7.org/fhir/uv/ips/STU1.1/CodeSystem-absent-unknown-uv-ips.html#absent-unknown-uv-ips-no-device-info\">no-device-info</a><a name=\"absent-unknown-uv-ips-cz-no-device-info\"> </a></td><td>žádné informace o používaných zdravotnických prostředcích a implantátech</td><td>Nejsou k dispozici žádné informace o implantátech nebo externích zdravotnických prostředcích používaných pacientem.</td></tr><tr><td><a style=\"white-space:nowrap\" href=\"http://hl7.org/fhir/uv/ips/STU1.1/CodeSystem-absent-unknown-uv-ips.html#absent-unknown-uv-ips-no-immunization-info\">no-immunization-info</a><a name=\"absent-unknown-uv-ips-cz-no-immunization-info\"> </a></td><td>žádné informace o očkování</td><td>Historie očkování není známa.</td></tr><tr><td><a style=\"white-space:nowrap\" href=\"http://hl7.org/fhir/uv/ips/STU1.1/CodeSystem-absent-unknown-uv-ips.html#absent-unknown-uv-ips-no-known-allergies\">no-known-allergies</a><a name=\"absent-unknown-uv-ips-cz-no-known-allergies\"> </a></td><td>žádné známé alergie</td><td>Nejsou známy žádné alergie pacienta.</td></tr><tr><td><a style=\"white-space:nowrap\" href=\"http://hl7.org/fhir/uv/ips/STU1.1/CodeSystem-absent-unknown-uv-ips.html#absent-unknown-uv-ips-no-known-devices\">no-known-devices</a><a name=\"absent-unknown-uv-ips-cz-no-known-devices\"> </a></td><td>žádné implantáty ani jiné zdravotnické prostředky</td><td>Nejsou známy žádné významné implantáty či externí zdravotnické prostředky které pacient používá. To znamená, že pacient žádné zdravotnické prostředky nepoužívá nebo že nejsou pro účel tohoto záznamu relevantní.</td></tr><tr><td><a style=\"white-space:nowrap\" href=\"http://hl7.org/fhir/uv/ips/STU1.1/CodeSystem-absent-unknown-uv-ips.html#absent-unknown-uv-ips-no-known-immunizations\">no-known-immunizations</a><a name=\"absent-unknown-uv-ips-cz-no-known-immunizations\"> </a></td><td>žádné známé očkování</td><td>Historie očkování neobsahuje žádné záznamy. To znamená, že pacient buď nebyl v minulosti očkován nebo údaje o provedeném očkování nejsou pro účely tohoto záznamu relevantní.</td></tr><tr><td><a style=\"white-space:nowrap\" href=\"http://hl7.org/fhir/uv/ips/STU1.1/CodeSystem-absent-unknown-uv-ips.html#absent-unknown-uv-ips-no-known-medications\">no-known-medications</a><a name=\"absent-unknown-uv-ips-cz-no-known-medications\"> </a></td><td>žádná známá medikace</td><td>Žádná známá medikace. To znamená, že pacient buď nemá žádnou medikaci, či medikace není pro účely tohoto záznamu relevantní.</td></tr><tr><td><a style=\"white-space:nowrap\" href=\"http://hl7.org/fhir/uv/ips/STU1.1/CodeSystem-absent-unknown-uv-ips.html#absent-unknown-uv-ips-no-known-problems\">no-known-problems</a><a name=\"absent-unknown-uv-ips-cz-no-known-problems\"> </a></td><td>žádné známé zdravotní problémy</td><td>Pacient nemá žádné známé zdravotní problémy či onemocnění, která by byla relevantní pro účely tohoto záznamu.</td></tr><tr><td><a style=\"white-space:nowrap\" href=\"http://hl7.org/fhir/uv/ips/STU1.1/CodeSystem-absent-unknown-uv-ips.html#absent-unknown-uv-ips-no-known-procedures\">no-known-procedures</a><a name=\"absent-unknown-uv-ips-cz-no-known-procedures\"> </a></td><td>žádné provedené výkony</td><td>Pacientovy nebyly provedeny žádné zdravotní výkony relevantní pro účely tohoto záznamu.</td></tr><tr><td><a style=\"white-space:nowrap\" href=\"http://hl7.org/fhir/uv/ips/STU1.1/CodeSystem-absent-unknown-uv-ips.html#absent-unknown-uv-ips-no-medication-info\">no-medication-info</a><a name=\"absent-unknown-uv-ips-cz-no-medication-info\"> </a></td><td>žádné informace o medikaci</td><td>Nejsou k dispozici žádné informace o medikaci či o podávání léků pacientovi.</td></tr><tr><td><a style=\"white-space:nowrap\" href=\"http://hl7.org/fhir/uv/ips/STU1.1/CodeSystem-absent-unknown-uv-ips.html#absent-unknown-uv-ips-no-problem-info\">no-problem-info</a><a name=\"absent-unknown-uv-ips-cz-no-problem-info\"> </a></td><td>žádné informace o zdravotních problémech</td><td>Nejsou k dispozici žádné informace o zdravotních problémech či onemocněních pacienta.</td></tr><tr><td><a style=\"white-space:nowrap\" href=\"http://hl7.org/fhir/uv/ips/STU1.1/CodeSystem-absent-unknown-uv-ips.html#absent-unknown-uv-ips-no-procedure-info\">no-procedure-info</a><a name=\"absent-unknown-uv-ips-cz-no-procedure-info\"> </a></td><td>žádné informace o provedených výkonech</td><td>Nejsou k dispozici žádné informace o provedených výkonech.</td></tr></table><p><b>Additional Language Displays</b></p><table class=\"codes\"><tr><td><b>Code</b></td><td><b>English (English, en)</b></td><td><b>Italian (Italy) (it)</b></td></tr><tr><td>no-allergy-info</td><td>No information about allergies</td><td>Nessuna informazione sulle allergie</td></tr><tr><td>no-device-info</td><td>No information about devices</td><td>Nessuna informazione sui dispositivi medici</td></tr><tr><td>no-immunization-info</td><td>No information about immunizations</td><td>Nessuna informazione sulle vaccinazioni</td></tr><tr><td>no-known-allergies</td><td>No known allergies</td><td>Nessuna allergia nota</td></tr><tr><td>no-known-devices</td><td>No known devices in use</td><td>Non sono noti dispositivi medici in uso</td></tr><tr><td>no-known-immunizations</td><td>No known immunizations</td><td>Nessuna vaccinazione nota</td></tr><tr><td>no-known-medications</td><td>No known medications</td><td>Nessuna terapia farmacologica nota</td></tr><tr><td>no-known-problems</td><td>No known problems</td><td>Nessun problema o disabilità rilevante nota</td></tr><tr><td>no-known-procedures</td><td>No known procedures</td><td>Nessuna procedure pregressa rilevante nota</td></tr><tr><td>no-medication-info</td><td>No information about medications</td><td>Nessuna informazione disponibile su terapie farmacologiche</td></tr><tr><td>no-problem-info</td><td>No information about problems</td><td>Nessuna informazione disponibile su problemi o disabilità</td></tr><tr><td>no-procedure-info</td><td>No information about past history of procedures</td><td>Nessuna informazione disponibile su procedure pregresse</td></tr></table></div>"
  },
  "url" : "https://ncez.mzcr.cz/terminology/CodeSystem/absent-unknown-uv-ips-cz",
  "version" : "0.1.0",
  "name" : "AbsentAndUnknownDataUvIps",
  "title" : "Absent a Unknown Data - IPS",
  "status" : "draft",
  "experimental" : false,
  "date" : "2025-11-26T13:38:57.738896Z",
  "publisher" : "HL7 Czech Republic",
  "contact" : [{
    "name" : "HL7 Czech Republic",
    "telecom" : [{
      "system" : "url",
      "value" : "https://www.hl7.cz/"
    }]
  }],
  "description" : "Kódový systém pro označení nepřítomnosti nebo neznalosti údajů. Doplněk kódového systému hl7-IPS (International patient Summary).",
  "jurisdiction" : [{
    "coding" : [{
      "system" : "urn:iso:std:iso:3166",
      "code" : "CZ",
      "display" : "Czechia"
    }]
  }],
  "hierarchyMeaning" : "is-a",
  "content" : "supplement",
  "supplements" : "http://hl7.org/fhir/uv/ips/CodeSystem/absent-unknown-uv-ips|1.1.0",
  "concept" : [{
    "code" : "no-allergy-info",
    "display" : "žádné informace o alergiích",
    "definition" : "Nejsou známy žádné informace o alergiích pacienta.",
    "designation" : [{
      "language" : "en",
      "use" : {
        "code" : "definition"
      },
      "value" : "There is no information available regarding the subject's allergy conditions."
    },
    {
      "language" : "en",
      "use" : {
        "code" : "display"
      },
      "value" : "No information about allergies"
    },
    {
      "language" : "it-IT",
      "use" : {
        "code" : "display"
      },
      "value" : "Nessuna informazione sulle allergie"
    }]
  },
  {
    "code" : "no-device-info",
    "display" : "žádné informace o používaných zdravotnických prostředcích a implantátech",
    "definition" : "Nejsou k dispozici žádné informace o implantátech nebo externích zdravotnických prostředcích používaných pacientem.",
    "designation" : [{
      "language" : "en",
      "use" : {
        "code" : "definition"
      },
      "value" : "There is no information available regarding implanted or external devices for the subject."
    },
    {
      "language" : "en",
      "use" : {
        "code" : "display"
      },
      "value" : "No information about devices"
    },
    {
      "language" : "it-IT",
      "use" : {
        "code" : "display"
      },
      "value" : "Nessuna informazione sui dispositivi medici"
    }]
  },
  {
    "code" : "no-immunization-info",
    "display" : "žádné informace o očkování",
    "definition" : "Historie očkování není známa.",
    "designation" : [{
      "language" : "en",
      "use" : {
        "code" : "definition"
      },
      "value" : "The subject's history of previous immunizations is not known."
    },
    {
      "language" : "en",
      "use" : {
        "code" : "display"
      },
      "value" : "No information about immunizations"
    },
    {
      "language" : "it-IT",
      "use" : {
        "code" : "display"
      },
      "value" : "Nessuna informazione sulle vaccinazioni"
    }]
  },
  {
    "code" : "no-known-allergies",
    "display" : "žádné známé alergie",
    "definition" : "Nejsou známy žádné alergie pacienta.",
    "designation" : [{
      "language" : "en",
      "use" : {
        "code" : "definition"
      },
      "value" : "The subject has no known allergy conditions."
    },
    {
      "language" : "en",
      "use" : {
        "code" : "display"
      },
      "value" : "No known allergies"
    },
    {
      "language" : "it-IT",
      "use" : {
        "code" : "display"
      },
      "value" : "Nessuna allergia nota"
    }]
  },
  {
    "code" : "no-known-devices",
    "display" : "žádné implantáty ani jiné zdravotnické prostředky",
    "definition" : "Nejsou známy žádné významné implantáty či externí zdravotnické prostředky které pacient používá. To znamená, že pacient žádné zdravotnické prostředky nepoužívá nebo že nejsou pro účel tohoto záznamu relevantní.",
    "designation" : [{
      "language" : "en",
      "use" : {
        "code" : "definition"
      },
      "value" : "There are no devices known to be implanted in or used by the subject that have to be reported in this record. This can mean either that there are none known, or that those known are not relevant for the purpose of this record."
    },
    {
      "language" : "en",
      "use" : {
        "code" : "display"
      },
      "value" : "No known devices in use"
    },
    {
      "language" : "it-IT",
      "use" : {
        "code" : "display"
      },
      "value" : "Non sono noti dispositivi medici in uso"
    }]
  },
  {
    "code" : "no-known-immunizations",
    "display" : "žádné známé očkování",
    "definition" : "Historie očkování neobsahuje žádné záznamy. To znamená, že pacient buď nebyl v minulosti očkován nebo údaje o provedeném očkování nejsou pro účely tohoto záznamu relevantní.",
    "designation" : [{
      "language" : "en",
      "use" : {
        "code" : "definition"
      },
      "value" : "There is no history of previous immunizations for the subject that have to be reported in this record. This can mean either that there are none known, or that those known are not relevant for the purpose of this record."
    },
    {
      "language" : "en",
      "use" : {
        "code" : "display"
      },
      "value" : "No known immunizations"
    },
    {
      "language" : "it-IT",
      "use" : {
        "code" : "display"
      },
      "value" : "Nessuna vaccinazione nota"
    }]
  },
  {
    "code" : "no-known-medications",
    "display" : "žádná známá medikace",
    "definition" : "Žádná známá medikace. To znamená, že pacient buď nemá žádnou medikaci, či medikace není pro účely tohoto záznamu relevantní.",
    "designation" : [{
      "language" : "en",
      "use" : {
        "code" : "definition"
      },
      "value" : "There are no medications for the subject that have to be reported in this record. This can mean either that there are none known, or that those known are not relevant for the purpose of this record."
    },
    {
      "language" : "en",
      "use" : {
        "code" : "display"
      },
      "value" : "No known medications"
    },
    {
      "language" : "it-IT",
      "use" : {
        "code" : "display"
      },
      "value" : "Nessuna terapia farmacologica nota"
    }]
  },
  {
    "code" : "no-known-problems",
    "display" : "žádné známé zdravotní problémy",
    "definition" : "Pacient nemá žádné známé zdravotní problémy či onemocnění, která by byla relevantní pro účely tohoto záznamu.",
    "designation" : [{
      "language" : "en",
      "use" : {
        "code" : "definition"
      },
      "value" : "The subject is not known to have any health problems or disabilities that have to be reported in this record. This can mean either that there are none known, or that those known are not relevant for the purpose of this record."
    },
    {
      "language" : "en",
      "use" : {
        "code" : "display"
      },
      "value" : "No known problems"
    },
    {
      "language" : "it-IT",
      "use" : {
        "code" : "display"
      },
      "value" : "Nessun problema o disabilità rilevante nota"
    }]
  },
  {
    "code" : "no-known-procedures",
    "display" : "žádné provedené výkony",
    "definition" : "Pacientovy nebyly provedeny žádné zdravotní výkony relevantní pro účely tohoto záznamu.",
    "designation" : [{
      "language" : "en",
      "use" : {
        "code" : "definition"
      },
      "value" : "The subject has no history of procedures that have to be reported in this record. This can mean either that there are none known, or that those known are not relevant for the purpose of this record."
    },
    {
      "language" : "en",
      "use" : {
        "code" : "display"
      },
      "value" : "No known procedures"
    },
    {
      "language" : "it-IT",
      "use" : {
        "code" : "display"
      },
      "value" : "Nessuna procedure pregressa rilevante nota"
    }]
  },
  {
    "code" : "no-medication-info",
    "display" : "žádné informace o medikaci",
    "definition" : "Nejsou k dispozici žádné informace o medikaci či o podávání léků pacientovi.",
    "designation" : [{
      "language" : "en",
      "use" : {
        "code" : "definition"
      },
      "value" : "There is no information available about the subject's medication use or administration."
    },
    {
      "language" : "en",
      "use" : {
        "code" : "display"
      },
      "value" : "No information about medications"
    },
    {
      "language" : "it-IT",
      "use" : {
        "code" : "display"
      },
      "value" : "Nessuna informazione disponibile su terapie farmacologiche"
    }]
  },
  {
    "code" : "no-problem-info",
    "display" : "žádné informace o zdravotních problémech",
    "definition" : "Nejsou k dispozici žádné informace o zdravotních problémech či onemocněních pacienta.",
    "designation" : [{
      "language" : "en",
      "use" : {
        "code" : "definition"
      },
      "value" : "There is no information available about the subject's health problems or disabilities."
    },
    {
      "language" : "en",
      "use" : {
        "code" : "display"
      },
      "value" : "No information about problems"
    },
    {
      "language" : "it-IT",
      "use" : {
        "code" : "display"
      },
      "value" : "Nessuna informazione disponibile su problemi o disabilità"
    }]
  },
  {
    "code" : "no-procedure-info",
    "display" : "žádné informace o provedených výkonech",
    "definition" : "Nejsou k dispozici žádné informace o provedených výkonech.",
    "designation" : [{
      "language" : "en",
      "use" : {
        "code" : "definition"
      },
      "value" : "There is no information available about the subject's past history of procedures."
    },
    {
      "language" : "en",
      "use" : {
        "code" : "display"
      },
      "value" : "No information about past history of procedures"
    },
    {
      "language" : "it-IT",
      "use" : {
        "code" : "display"
      },
      "value" : "Nessuna informazione disponibile su procedure pregresse"
    }]
  }]
}