{
  "resourceType" : "CodeSystem",
  "id" : "dlp-lecivelatky",
  "language" : "cs",
  "text" : {
    "status" : "generated",
    "div" : "<div xml:lang=\"cs\" xmlns=\"http://www.w3.org/1999/xhtml\" lang=\"cs\"><p class=\"res-header-id\"><b>Generated Narrative: CodeSystem dlp-lecivelatky</b></p><a name=\"dlp-lecivelatky\"> </a><a name=\"hcdlp-lecivelatky\"> </a><div style=\"display: inline-block; background-color: #d9e0e7; padding: 6px; margin: 4px; border: 1px solid #8da1b4; border-radius: 5px; line-height: 60%\"><p style=\"margin-bottom: 0px\">Language: cs</p></div><p>This case-sensitive code system <code>https://sukl.cz/terminology/CodeSystem/dlp-lecivelatky</code> defines codes, but no codes are represented here</p></div>"
  },
  "extension" : [{
    "url" : "http://hl7.org/fhir/StructureDefinition/structuredefinition-fmm",
    "valueInteger" : 2
  },
  {
    "url" : "http://hl7.org/fhir/StructureDefinition/structuredefinition-standards-status",
    "valueCode" : "trial-use"
  }],
  "url" : "https://sukl.cz/terminology/CodeSystem/dlp-lecivelatky",
  "identifier" : [{
    "system" : "urn:ietf:rfc:3986",
    "value" : "urn:oid:1.2.203.24341.11.2.7.5"
  }],
  "version" : "0.1.0",
  "name" : "CS_DLP_lecivelatky",
  "title" : "Codesystem of DLP Lecive latky",
  "status" : "active",
  "experimental" : false,
  "date" : "2025-01-17",
  "publisher" : "HL7 Czech Republic",
  "contact" : [{
    "name" : "HL7 Czech Republic",
    "telecom" : [{
      "system" : "url",
      "value" : "https://www.hl7.cz/"
    }]
  }],
  "description" : "Codesystem of DLP Lecive latky. Identification ingredient.",
  "jurisdiction" : [{
    "coding" : [{
      "system" : "urn:iso:std:iso:3166",
      "code" : "CZ",
      "display" : "Czechia"
    }]
  }],
  "caseSensitive" : true,
  "content" : "not-present"
}