<?xml version="1.0" encoding="UTF-8"?>

<CodeSystem xmlns="http://hl7.org/fhir">
  <id value="dlp-lecivepripravky"/>
  <language value="cs"/>
  <text>
    <status value="generated"/><div xml:lang="cs" xmlns="http://www.w3.org/1999/xhtml" lang="cs"><p class="res-header-id"><b>Generated Narrative: CodeSystem dlp-lecivepripravky</b></p><a name="dlp-lecivepripravky"> </a><a name="hcdlp-lecivepripravky"> </a><div style="display: inline-block; background-color: #d9e0e7; padding: 6px; margin: 4px; border: 1px solid #8da1b4; border-radius: 5px; line-height: 60%"><p style="margin-bottom: 0px">Language: cs</p></div><p>This case-sensitive code system <code>https://sukl.cz/terminology/CodeSystem/dlp-lecivepripravky</code> defines codes, but no codes are represented here</p></div>
  </text>
  <extension url="http://hl7.org/fhir/StructureDefinition/structuredefinition-fmm">
    <valueInteger value="2"/>
  </extension>
  <extension url="http://hl7.org/fhir/StructureDefinition/structuredefinition-standards-status">
    <valueCode value="trial-use"/>
  </extension>
  <url value="https://sukl.cz/terminology/CodeSystem/dlp-lecivepripravky"/>
  <identifier>
    <system value="urn:ietf:rfc:3986"/>
  </identifier>
  <version value="0.1.0"/>
  <name value="CS_DLP_lecivepripravky"/>
  <title value="Codesystem of DLP Lecive pripravky"/>
  <status value="active"/>
  <experimental value="false"/>
  <date value="2025-01-17"/>
  <publisher value="HL7 Czech Republic"/>
  <contact>
    <name value="HL7 Czech Republic"/>
    <telecom>
      <system value="url"/>
      <value value="https://www.hl7.cz/"/>
    </telecom>
  </contact>
  <description value="Codesystem of DLP Lecive pripravky. Identification medication."/>
  <jurisdiction>
    <coding>
      <system value="urn:iso:std:iso:3166"/>
      <code value="CZ"/>
      <display value="Czechia"/>
    </coding>
  </jurisdiction>
  <caseSensitive value="true"/>
  <content value="not-present"/>
</CodeSystem>