{
  "package": "hl7.fhir.cz.terminology",
  "version": "0.1.0",
  "fhirVersion": "4.0.1",
  "jurisdiction": "CZ",
  "extensions": [],
  "profiles": {},
  "usage": {
    "http://hl7.org/fhir/StructureDefinition/structuredefinition-fmm": [
      "CodeSystem",
      "ValueSet"
    ],
    "http://hl7.org/fhir/StructureDefinition/structuredefinition-standards-status": [
      "CodeSystem",
      "ValueSet"
    ],
    "http://hl7.org/fhir/StructureDefinition/valueset-supplement": [
      "ValueSet"
    ],
    "http://hl7.org/fhir/tools/StructureDefinition/expansion-parameters": [
      "ImplementationGuide.definition"
    ],
    "http://hl7.org/fhir/tools/StructureDefinition/ig-internal-dependency": [
      "ImplementationGuide.definition"
    ],
    "http://hl7.org/fhir/tools/StructureDefinition/ig-page-name": [
      "ImplementationGuide.definition.page",
      "ImplementationGuide.definition.page.page"
    ],
    "http://hl7.org/fhir/tools/StructureDefinition/ig-parameter": [
      "ImplementationGuide.definition"
    ],
    "http://hl7.org/fhir/tools/StructureDefinition/implementationguide-dependency-comment": [
      "ImplementationGuide.dependsOn"
    ],
    "http://hl7.org/fhir/tools/StructureDefinition/resource-information": [
      "ImplementationGuide.definition.resource"
    ]
  }
}