{
  "resourceType" : "ValueSet",
  "id" : "cz-specimenAdditive",
  "text" : {
    "status" : "generated",
    "div" : "<div xmlns=\"http://www.w3.org/1999/xhtml\"><p class=\"res-header-id\"><b>Generated Narrative: ValueSet cz-specimenAdditive</b></p><a name=\"cz-specimenAdditive\"> </a><a name=\"hccz-specimenAdditive\"> </a><ul><li>Include these codes as defined in <a href=\"http://www.snomed.org/\"><code>http://snomed.info/sct</code></a><span title=\"Version is not explicitly stated. No matching Code System found\"> version Not Stated (use latest from terminology server)</span><table class=\"none\"><tr><td style=\"white-space:nowrap\"><b>Code</b></td><td><b>Display</b></td></tr><tr><td><a href=\"http://snomed.info/id/1259913003\">1259913003</a></td><td>Heparin ammonium</td></tr><tr><td><a href=\"http://snomed.info/id/386961008\">386961008</a></td><td>Aprotinin</td></tr><tr><td><a href=\"http://snomed.info/id/29725000\">29725000</a></td><td>Heparin calcium</td></tr><tr><td><a href=\"http://snomed.info/id/21611007\">21611007</a></td><td>Boric acid</td></tr><tr><td><a href=\"http://snomed.info/id/30531001\">30531001</a></td><td>Calcium oxalate</td></tr><tr><td><a href=\"http://snomed.info/id/69519002\">69519002</a></td><td>Edetic acid</td></tr><tr><td><a href=\"http://snomed.info/id/372628006\">372628006</a></td><td>Edetate</td></tr><tr><td><a href=\"http://snomed.info/id/27763000\">27763000</a></td><td>Hydrochloric acid</td></tr><tr><td><a href=\"http://snomed.info/id/414407009\">414407009</a></td><td>Hirudin</td></tr><tr><td><a href=\"http://snomed.info/id/1256100007\">1256100007</a></td><td>Edetate dipotassium</td></tr><tr><td><a href=\"http://snomed.info/id/1256101006\">1256101006</a></td><td>Edetate tripotassium</td></tr><tr><td><a href=\"http://snomed.info/id/1256102004\">1256102004</a></td><td>Heparin lithium</td></tr><tr><td><a href=\"http://snomed.info/id/387418006\">387418006</a></td><td>Edetate disodium</td></tr><tr><td><a href=\"http://snomed.info/id/412546005\">412546005</a></td><td>Sodium citrate</td></tr><tr><td><a href=\"http://snomed.info/id/50045009\">50045009</a></td><td>Heparin sodium</td></tr><tr><td><a href=\"http://snomed.info/id/6910009\">6910009</a></td><td>Sodium fluoride</td></tr><tr><td><a href=\"http://snomed.info/id/50306007\">50306007</a></td><td>Sodium tetraborate</td></tr><tr><td><a href=\"http://snomed.info/id/387168006\">387168006</a></td><td>Mannitol</td></tr><tr><td><a href=\"http://snomed.info/id/115281000146102\">115281000146102</a></td><td>Sodium formate</td></tr></table></li></ul></div>"
  },
  "extension" : [{
    "url" : "http://hl7.org/fhir/StructureDefinition/structuredefinition-fmm",
    "valueInteger" : 2
  },
  {
    "url" : "http://hl7.org/fhir/StructureDefinition/structuredefinition-standards-status",
    "valueCode" : "trial-use"
  }],
  "url" : "https://ncez.mzcr.cz/terminology/ValueSet/cz-specimenAdditive",
  "version" : "0.1.0",
  "name" : "CZ_SpecimenAdditive",
  "title" : "Specimen Additive",
  "status" : "active",
  "experimental" : false,
  "date" : "2024-01-01",
  "publisher" : "HL7 Czech Republic",
  "contact" : [{
    "name" : "HL7 Czech Republic",
    "telecom" : [{
      "system" : "url",
      "value" : "https://www.hl7.cz/"
    }]
  }],
  "description" : "List of the specimen additives. Additives are commonly added to the vacutainer tubes to preserve the specimen for analysis",
  "jurisdiction" : [{
    "coding" : [{
      "system" : "urn:iso:std:iso:3166",
      "code" : "CZ",
      "display" : "Czechia"
    }]
  }],
  "copyright" : "This value set includes content from SNOMED CT, which is copyright © 2002+ International Health Terminology Standards Development Organisation (IHTSDO), and distributed by agreement between IHTSDO and HL7. Implementer use of SNOMED CT is not covered by this agreement",
  "compose" : {
    "include" : [{
      "system" : "http://snomed.info/sct",
      "concept" : [{
        "code" : "1259913003",
        "display" : "Heparin ammonium"
      },
      {
        "code" : "386961008",
        "display" : "Aprotinin"
      },
      {
        "code" : "29725000",
        "display" : "Heparin calcium"
      },
      {
        "code" : "21611007",
        "display" : "Boric acid"
      },
      {
        "code" : "30531001",
        "display" : "Calcium oxalate"
      },
      {
        "code" : "69519002",
        "display" : "Edetic acid"
      },
      {
        "code" : "372628006",
        "display" : "Edetate"
      },
      {
        "code" : "27763000",
        "display" : "Hydrochloric acid"
      },
      {
        "code" : "414407009",
        "display" : "Hirudin"
      },
      {
        "code" : "1256100007",
        "display" : "Edetate dipotassium"
      },
      {
        "code" : "1256101006",
        "display" : "Edetate tripotassium"
      },
      {
        "code" : "1256102004",
        "display" : "Heparin lithium"
      },
      {
        "code" : "387418006",
        "display" : "Edetate disodium"
      },
      {
        "code" : "412546005",
        "display" : "Sodium citrate"
      },
      {
        "code" : "50045009",
        "display" : "Heparin sodium"
      },
      {
        "code" : "6910009",
        "display" : "Sodium fluoride"
      },
      {
        "code" : "50306007",
        "display" : "Sodium tetraborate"
      },
      {
        "code" : "387168006",
        "display" : "Mannitol"
      },
      {
        "code" : "115281000146102",
        "display" : "Sodium formate"
      }]
    }]
  }
}