{
  "resourceType" : "ValueSet",
  "id" : "eHDSIExceptionalValue-cz",
  "language" : "cs",
  "text" : {
    "status" : "extensions",
    "div" : "<div xml:lang=\"cs\" xmlns=\"http://www.w3.org/1999/xhtml\" lang=\"cs\"><p class=\"res-header-id\"><b>Generated Narrative: ValueSet eHDSIExceptionalValue-cz</b></p><a name=\"eHDSIExceptionalValue-cz\"> </a><a name=\"hceHDSIExceptionalValue-cz\"> </a><div style=\"display: inline-block; background-color: #d9e0e7; padding: 6px; margin: 4px; border: 1px solid #8da1b4; border-radius: 5px; line-height: 60%\"><p style=\"margin-bottom: 0px\">Language: cs</p></div><ul><li>Include these codes as defined in <a href=\"http://terminology.hl7.org/7.0.0/CodeSystem-v3-NullFlavor.html\"><code>http://terminology.hl7.org/CodeSystem/v3-NullFlavor</code></a><span title=\"Version is not explicitly stated, which means it is fixed to 3.0.0, the version found through the package references\"> version &#x1F4E6;3.0.0</span><table class=\"none\"><tr><td style=\"white-space:nowrap\"><b>Code</b></td><td><b>Display</b></td><td><b>Definition</b></td></tr><tr><td><a href=\"http://terminology.hl7.org/7.0.0/CodeSystem-v3-NullFlavor.html#v3-NullFlavor-OTH\">OTH</a></td><td>jinak</td><td>**Description:**The actual value is not a member of the set of permitted data values in the constrained value domain of a variable. (e.g., concept not provided by required code system).<br/><br/>**Usage Notes**: This flavor and its specializations are most commonly used with the CD datatype and its flavors. However, it may apply to \\*any\\* datatype where the constraints of the type are tighter than can be conveyed. For example, a PQ that is for a true measured amount whose units are not supported in UCUM, a need to convey a REAL when the type has been constrained to INT, etc.<br/><br/>With coded datatypes, this null flavor may only be used if the vocabulary binding has a coding strength of CNE. By definition, all local codes and original text are part of the value set if the coding strength is CWE.</td></tr><tr><td><a href=\"http://terminology.hl7.org/7.0.0/CodeSystem-v3-NullFlavor.html#v3-NullFlavor-UNC\">UNC</a></td><td>nekódováno</td><td>**Description:** The actual value has not yet been encoded within the approved value domain.<br/><br/>**Example**: Original text or a local code has been specified but translation or encoding to the approved value set has not yet occurred due to limitations of the sending system. Original text has been captured for a PQ, but not attempt has been made to split the value and unit or to encode the unit in UCUM.<br/><br/>**Usage Notes**: If it is known that it is not possible to encode the concept, OTH should be used instead. However, use of UNC does not necessarily guarantee the concept will be encodable, only that encoding has not been attempted.<br/><br/>Data type properties such as original text and translations may be present when this null flavor is included.</td></tr><tr><td><a href=\"http://terminology.hl7.org/7.0.0/CodeSystem-v3-NullFlavor.html#v3-NullFlavor-UNK\">UNK</a></td><td>není známo</td><td>**Description:**A proper value is applicable, but not known.<br/><br/>**Usage Notes**: This means the actual value is not known. If the only thing that is unknown is how to properly express the value in the necessary constraints (value set, datatype, etc.), then the OTH or UNC flavor should be used. No properties should be included for a datatype with this property unless:<br/><br/>1.  Those properties themselves directly translate to a semantic of &quot;unknown&quot;. (E.g. a local code sent as a translation that conveys 'unknown')<br/>2.  Those properties further qualify the nature of what is unknown. (E.g. specifying a use code of &quot;H&quot; and a URL prefix of &quot;tel:&quot; to convey that it is the home phone number that is unknown.)</td></tr></table></li></ul></div>"
  },
  "extension" : [{
    "url" : "http://hl7.org/fhir/StructureDefinition/structuredefinition-fmm",
    "valueInteger" : 1
  },
  {
    "url" : "http://hl7.org/fhir/StructureDefinition/structuredefinition-standards-status",
    "valueCode" : "draft"
  }],
  "url" : "https://ncez.mzcr.cz/terminology/ValueSet/eHDSIExceptionalValue-cz",
  "identifier" : [{
    "system" : "urn:ietf:rfc:3986",
    "value" : "urn:oid:1.3.6.1.4.1.12559.11.10.1.3.1.42.81"
  }],
  "version" : "0.1.0",
  "name" : "EHDSIExceptionalValueCZ",
  "title" : "eHDSI Exceptional Value",
  "status" : "draft",
  "experimental" : false,
  "date" : "2025-12-02T17:10:03+01:00",
  "publisher" : "HL7 Czech Republic",
  "contact" : [{
    "name" : "HL7 Czech Republic",
    "telecom" : [{
      "system" : "url",
      "value" : "https://www.hl7.cz/"
    }]
  }],
  "description" : "The Value Set is used to code exceptional values for the required binding in FHIR IGs",
  "jurisdiction" : [{
    "coding" : [{
      "system" : "urn:iso:std:iso:3166",
      "code" : "CZ",
      "display" : "Czechia"
    }]
  }],
  "compose" : {
    "include" : [{
      "system" : "http://terminology.hl7.org/CodeSystem/v3-NullFlavor",
      "concept" : [{
        "code" : "OTH",
        "display" : "jinak"
      },
      {
        "code" : "UNC",
        "display" : "nekódováno"
      },
      {
        "code" : "UNK",
        "display" : "není známo"
      }]
    }]
  }
}