<?xml version="1.0" encoding="UTF-8"?>

<ValueSet xmlns="http://hl7.org/fhir">
  <id value="AllergenWithExceptions"/>
  <language value="cs"/>
  <text>
    <status value="generated"/><div xml:lang="cs" xmlns="http://www.w3.org/1999/xhtml" lang="cs"><p class="res-header-id"><b>Generated Narrative: ValueSet AllergenWithExceptions</b></p><a name="AllergenWithExceptions"> </a><a name="hcAllergenWithExceptions"> </a><div style="display: inline-block; background-color: #d9e0e7; padding: 6px; margin: 4px; border: 1px solid #8da1b4; border-radius: 5px; line-height: 60%"><p style="margin-bottom: 0px">Language: cs</p></div><p>This value set includes codes based on the following rules:</p><ul><li>Import all the codes that are contained in <a href="ValueSet-eHDSIAllergenNoDrug-cz.html">eHDSI Allergen No Drug</a></li><li>Import all the codes that are contained in <a href="ValueSet-dlp-lecivepripravky.html">Léčivé přípravky</a></li><li>Import all the codes that are contained in <a href="ValueSet-dlp-atc.html">Český číselník ATC skupin</a></li><li>Import all the codes that are contained in <a href="ValueSet-eHDSIAbsentOrUnknownAllergy-cz.html">eHDSI Absent Or Unknown Allergy</a></li><li>Import all the codes that are contained in <a href="ValueSet-eHDSIExceptionalValue-cz.html">eHDSI Exceptional Value</a></li></ul></div>
  </text>
  <extension url="http://hl7.org/fhir/StructureDefinition/structuredefinition-fmm">
    <valueInteger value="2"/>
  </extension>
  <extension url="http://hl7.org/fhir/StructureDefinition/structuredefinition-standards-status">
    <valueCode value="trial-use"/>
  </extension>
  <url value="https://ncez.mzcr.cz/terminology/ValueSet/AllergenWithExceptions"/>
  <version value="0.1.0"/>
  <name value="AllergenWithExceptions"/>
  <title value="eHDSI Agent or Allergen With Exceptions"/>
  <status value="active"/>
  <experimental value="false"/>
  <date value="2025-11-01"/>
  <publisher value="HL7 Czech Republic"/>
  <contact>
    <name value="HL7 Czech Republic"/>
    <telecom>
      <system value="url"/>
      <value value="https://www.hl7.cz/"/>
    </telecom>
  </contact>
  <description value="The Value Set is used for coding s specific allergen or other agent/substance (drug, food, chemical agent, etc.) to which the patient has an adverse reaction propensity.&#xA;It is defined as the union of:&#xA;(a) eHDSIAllergenNoDrug&#xA;(b) DLP_lecivePripravky&#xA;(c) DLP_ATC&#xA;(d) eHDSIAbsentOrUnknownAllergy&#xA;(e) eHDSIExceptionalValue"/>
  <jurisdiction>
    <coding>
      <system value="urn:iso:std:iso:3166"/>
      <code value="CZ"/>
      <display value="Czechia"/>
    </coding>
  </jurisdiction>
  <copyright value="This value set includes content from SNOMED CT, which is copyright © 2002+ International Health Terminology Standards Development Organisation (IHTSDO), and distributed by agreement between IHTSDO and HL7. Implementer use of SNOMED CT is not covered by this agreement"/>
  <compose>
    <include>
      <valueSet value="https://ncez.mzcr.cz/terminology/ValueSet/eHDSIAllergenNoDrug-cz"/>
    </include>
    <include>
      <valueSet value="https://sukl.cz/terminology/ValueSet/dlp-lecivepripravky"/>
    </include>
    <include>
      <valueSet value="https://sukl.cz/terminology/ValueSet/dlp-atc"/>
    </include>
    <include>
      <valueSet value="https://ncez.mzcr.cz/terminology/ValueSet/eHDSIAbsentOrUnknownAllergy-cz"/>
    </include>
    <include>
      <valueSet value="https://ncez.mzcr.cz/terminology/ValueSet/eHDSIExceptionalValue-cz"/>
    </include>
  </compose>
</ValueSet>