<?xml version="1.0" encoding="UTF-8"?>

<ValueSet xmlns="http://hl7.org/fhir">
  <id value="imaging-document-types"/>
  <language value="cs"/>
  <text>
    <status value="generated"/><div xml:lang="cs" xmlns="http://www.w3.org/1999/xhtml" lang="cs"><p class="res-header-id"><b>Generated Narrative: ValueSet imaging-document-types</b></p><a name="imaging-document-types"> </a><a name="hcimaging-document-types"> </a><div style="display: inline-block; background-color: #d9e0e7; padding: 6px; margin: 4px; border: 1px solid #8da1b4; border-radius: 5px; line-height: 60%"><p style="margin-bottom: 0px">Language: cs</p></div><ul><li>Include these codes as defined in <a href="http://loinc.org"><code>http://loinc.org</code></a><span title="Version is not explicitly stated. No matching Code System found"> version Not Stated (use latest from terminology server)</span><table class="none"><tr><td style="white-space:nowrap"><b>Code</b></td><td><b>Display</b></td></tr><tr><td><a href="https://loinc.org/41806-1/">41806-1</a></td><td>CT břicha</td></tr><tr><td><a href="https://loinc.org/24627-2/">24627-2</a></td><td>CT hrudníku</td></tr><tr><td><a href="https://loinc.org/24690-0/">24690-0</a></td><td>CT končetiny</td></tr><tr><td><a href="https://loinc.org/25043-1/">25043-1</a></td><td>CT-řízená aspirace tekutin</td></tr><tr><td><a href="https://loinc.org/25044-9/">25044-9</a></td><td>CT-řízená biopsie</td></tr><tr><td><a href="https://loinc.org/24725-4/">24725-4</a></td><td>CT hlavy</td></tr><tr><td><a href="https://loinc.org/24866-6/">24866-6</a></td><td>CT pánve s IV kontrastem</td></tr><tr><td><a href="https://loinc.org/106848-5/">106848-5</a></td><td>CT páteře</td></tr><tr><td><a href="https://loinc.org/24932-6/">24932-6</a></td><td>CT krční páteře</td></tr><tr><td><a href="https://loinc.org/24963-1/">24963-1</a></td><td>CT bederní páteře</td></tr><tr><td><a href="https://loinc.org/24978-9/">24978-9</a></td><td>CT hrudní páteře</td></tr><tr><td><a href="https://loinc.org/25045-6/">25045-6</a></td><td>CT neupřesněné oblasti těla</td></tr><tr><td><a href="https://loinc.org/18748-4/">18748-4</a></td><td>Zobrazovací vyšetření</td></tr><tr><td><a href="https://loinc.org/25069-6/">25069-6</a></td><td>RF-řízená biopsie – lokalita neupřesněna</td></tr><tr><td><a href="https://loinc.org/24605-8/">24605-8</a></td><td>Diagnostická mamografie</td></tr><tr><td><a href="https://loinc.org/24606-6/">24606-6</a></td><td>Screeningová mamografie</td></tr><tr><td><a href="https://loinc.org/24590-2/">24590-2</a></td><td>MR mozku</td></tr><tr><td><a href="https://loinc.org/25056-3/">25056-3</a></td><td>MR neupřesněné oblasti těla</td></tr><tr><td><a href="https://loinc.org/24556-3/">24556-3</a></td><td>MR břicha</td></tr><tr><td><a href="https://loinc.org/24629-8/">24629-8</a></td><td>MR hrudníku</td></tr><tr><td><a href="https://loinc.org/24707-2/">24707-2</a></td><td>MR nohy</td></tr><tr><td><a href="https://loinc.org/24710-6/">24710-6</a></td><td>MR předloktí</td></tr><tr><td><a href="https://loinc.org/24720-5/">24720-5</a></td><td>MR ruky</td></tr><tr><td><a href="https://loinc.org/28576-7/">28576-7</a></td><td>MR kloubu</td></tr><tr><td><a href="https://loinc.org/24872-4/">24872-4</a></td><td>MR pánve a kyčle</td></tr><tr><td><a href="https://loinc.org/24935-9/">24935-9</a></td><td>MR krční páteře</td></tr><tr><td><a href="https://loinc.org/24968-0/">24968-0</a></td><td>MR bederní páteře</td></tr><tr><td><a href="https://loinc.org/42698-1/">42698-1</a></td><td>MR krční, hrudní a bederní páteře</td></tr><tr><td><a href="https://loinc.org/24980-5/">24980-5</a></td><td>MR hrudní páteře</td></tr><tr><td><a href="https://loinc.org/24888-0/">24888-0</a></td><td>NM plicního systému – ventilace a perfuze s Xe-133 IH a s Tc-99m MAA IV</td></tr><tr><td><a href="https://loinc.org/30695-1/">30695-1</a></td><td>NM štítné žlázy – projekce</td></tr><tr><td><a href="https://loinc.org/44136-0/">44136-0</a></td><td>PET neupřesněné tělové oblasti</td></tr><tr><td><a href="https://loinc.org/25059-7/">25059-7</a></td><td>UZ vedení biopsie neupřesněné tělové oblasti</td></tr><tr><td><a href="https://loinc.org/24558-9/">24558-9</a></td><td>UZ břicha</td></tr><tr><td><a href="https://loinc.org/24601-7/">24601-7</a></td><td>UZ prsu</td></tr><tr><td><a href="https://loinc.org/24731-2/">24731-2</a></td><td>UZ hlavy</td></tr><tr><td><a href="https://loinc.org/28614-6/">28614-6</a></td><td>UZ jater</td></tr><tr><td><a href="https://loinc.org/24842-7/">24842-7</a></td><td>UZ krku</td></tr><tr><td><a href="https://loinc.org/24869-0/">24869-0</a></td><td>UZ pánve</td></tr><tr><td><a href="https://loinc.org/25061-3/">25061-3</a></td><td>UZ neupřesněné tělové oblasti</td></tr><tr><td><a href="https://loinc.org/24541-5/">24541-5</a></td><td>RTG hlezna – projekce</td></tr><tr><td><a href="https://loinc.org/24676-9/">24676-9</a></td><td>RTG lokte – projekce</td></tr><tr><td><a href="https://loinc.org/24704-9/">24704-9</a></td><td>RTG femuru (stehenní kosti) – projekce</td></tr><tr><td><a href="https://loinc.org/24709-8/">24709-8</a></td><td>RTG nohy – projekce</td></tr><tr><td><a href="https://loinc.org/28582-5/">28582-5</a></td><td>RTG ruky – projekce</td></tr><tr><td><a href="https://loinc.org/28564-3/">28564-3</a></td><td>RTG lebky – projekce</td></tr><tr><td><a href="https://loinc.org/24762-7/">24762-7</a></td><td>RTG kyčle – projekce</td></tr><tr><td><a href="https://loinc.org/28567-6/">28567-6</a></td><td>RTG humeru (pažní kosti) – projekce</td></tr><tr><td><a href="https://loinc.org/28565-0/">28565-0</a></td><td>RTG kolene – projekce</td></tr><tr><td><a href="https://loinc.org/28561-9/">28561-9</a></td><td>RTG pánve – projekce</td></tr><tr><td><a href="https://loinc.org/24891-4/">24891-4</a></td><td>RTG předloktí (radius + ulna) – projekce</td></tr><tr><td><a href="https://loinc.org/24909-4/">24909-4</a></td><td>RTG ramene – projekce</td></tr><tr><td><a href="https://loinc.org/24946-6/">24946-6</a></td><td>RTG krční páteře – projekce</td></tr><tr><td><a href="https://loinc.org/24972-2/">24972-2</a></td><td>RTG bederní páteře – projekce</td></tr><tr><td><a href="https://loinc.org/24983-9/">24983-9</a></td><td>RTG hrudní páteře – projekce</td></tr><tr><td><a href="https://loinc.org/28613-8/">28613-8</a></td><td>RTG páteře – projekce</td></tr><tr><td><a href="https://loinc.org/25011-8/">25011-8</a></td><td>RTG bérce (tibia + fibula) – projekce</td></tr><tr><td><a href="https://loinc.org/18782-3/">18782-3</a></td><td>Popis nálezu zobrazovacího vyšetření (narrativní)</td></tr><tr><td><a href="https://loinc.org/24619-9/">24619-9</a></td><td>RTG zápěstí – projekce</td></tr></table></li></ul></div>
  </text>
  <url value="https://ncez.mzcr.cz/terminology/ValueSet/imaging-document-types"/>
  <version value="0.1.0"/>
  <name value="ImagingDocumentTypes"/>
  <title value="Typy dokumentů obrazového komplementu"/>
  <status value="active"/>
  <experimental value="false"/>
  <date value="2025-11-19T17:50:08.889549Z"/>
  <publisher value="HL7 Czech Republic"/>
  <contact>
    <name value="HL7 Czech Republic"/>
    <telecom>
      <system value="url"/>
      <value value="https://www.hl7.cz/"/>
    </telecom>
  </contact>
  <description value="Typy dokumentů obrazového komplementu"/>
  <jurisdiction>
    <coding>
      <system value="urn:iso:std:iso:3166"/>
      <code value="CZ"/>
      <display value="Czechia"/>
    </coding>
  </jurisdiction>
  <copyright value="This material contains content from LOINC (http://loinc.org). LOINC is copyright © 1995-2020, Regenstrief Institute, Inc. and the Logical Observation Identifiers Names and Codes (LOINC) Committee and is available at no cost under the license at http://loinc.org/license. LOINC® is a registered United States trademark of Regenstrief Institute, Inc"/>
  <compose>
    <include>
      <system value="http://loinc.org"/>
      <concept>
        <code value="41806-1"/>
        <display value="CT břicha"/>
      </concept>
      <concept>
        <code value="24627-2"/>
        <display value="CT hrudníku"/>
      </concept>
      <concept>
        <code value="24690-0"/>
        <display value="CT končetiny"/>
      </concept>
      <concept>
        <code value="25043-1"/>
        <display value="CT-řízená aspirace tekutin"/>
      </concept>
      <concept>
        <code value="25044-9"/>
        <display value="CT-řízená biopsie"/>
      </concept>
      <concept>
        <code value="24725-4"/>
        <display value="CT hlavy"/>
      </concept>
      <concept>
        <code value="24866-6"/>
        <display value="CT pánve s IV kontrastem"/>
      </concept>
      <concept>
        <code value="106848-5"/>
        <display value="CT páteře"/>
      </concept>
      <concept>
        <code value="24932-6"/>
        <display value="CT krční páteře"/>
      </concept>
      <concept>
        <code value="24963-1"/>
        <display value="CT bederní páteře"/>
      </concept>
      <concept>
        <code value="24978-9"/>
        <display value="CT hrudní páteře"/>
      </concept>
      <concept>
        <code value="25045-6"/>
        <display value="CT neupřesněné oblasti těla"/>
      </concept>
      <concept>
        <code value="18748-4"/>
        <display value="Zobrazovací vyšetření"/>
      </concept>
      <concept>
        <code value="25069-6"/>
        <display value="RF-řízená biopsie – lokalita neupřesněna"/>
      </concept>
      <concept>
        <code value="24605-8"/>
        <display value="Diagnostická mamografie"/>
      </concept>
      <concept>
        <code value="24606-6"/>
        <display value="Screeningová mamografie"/>
      </concept>
      <concept>
        <code value="24590-2"/>
        <display value="MR mozku"/>
      </concept>
      <concept>
        <code value="25056-3"/>
        <display value="MR neupřesněné oblasti těla"/>
      </concept>
      <concept>
        <code value="24556-3"/>
        <display value="MR břicha"/>
      </concept>
      <concept>
        <code value="24629-8"/>
        <display value="MR hrudníku"/>
      </concept>
      <concept>
        <code value="24707-2"/>
        <display value="MR nohy"/>
      </concept>
      <concept>
        <code value="24710-6"/>
        <display value="MR předloktí"/>
      </concept>
      <concept>
        <code value="24720-5"/>
        <display value="MR ruky"/>
      </concept>
      <concept>
        <code value="28576-7"/>
        <display value="MR kloubu"/>
      </concept>
      <concept>
        <code value="24872-4"/>
        <display value="MR pánve a kyčle"/>
      </concept>
      <concept>
        <code value="24935-9"/>
        <display value="MR krční páteře"/>
      </concept>
      <concept>
        <code value="24968-0"/>
        <display value="MR bederní páteře"/>
      </concept>
      <concept>
        <code value="42698-1"/>
        <display value="MR krční, hrudní a bederní páteře"/>
      </concept>
      <concept>
        <code value="24980-5"/>
        <display value="MR hrudní páteře"/>
      </concept>
      <concept>
        <code value="24888-0"/>
        <display value="NM plicního systému – ventilace a perfuze s Xe-133 IH a s Tc-99m MAA IV"/>
      </concept>
      <concept>
        <code value="30695-1"/>
        <display value="NM štítné žlázy – projekce"/>
      </concept>
      <concept>
        <code value="44136-0"/>
        <display value="PET neupřesněné tělové oblasti"/>
      </concept>
      <concept>
        <code value="25059-7"/>
        <display value="UZ vedení biopsie neupřesněné tělové oblasti"/>
      </concept>
      <concept>
        <code value="24558-9"/>
        <display value="UZ břicha"/>
      </concept>
      <concept>
        <code value="24601-7"/>
        <display value="UZ prsu"/>
      </concept>
      <concept>
        <code value="24731-2"/>
        <display value="UZ hlavy"/>
      </concept>
      <concept>
        <code value="28614-6"/>
        <display value="UZ jater"/>
      </concept>
      <concept>
        <code value="24842-7"/>
        <display value="UZ krku"/>
      </concept>
      <concept>
        <code value="24869-0"/>
        <display value="UZ pánve"/>
      </concept>
      <concept>
        <code value="25061-3"/>
        <display value="UZ neupřesněné tělové oblasti"/>
      </concept>
      <concept>
        <code value="24541-5"/>
        <display value="RTG hlezna – projekce"/>
      </concept>
      <concept>
        <code value="24676-9"/>
        <display value="RTG lokte – projekce"/>
      </concept>
      <concept>
        <code value="24704-9"/>
        <display value="RTG femuru (stehenní kosti) – projekce"/>
      </concept>
      <concept>
        <code value="24709-8"/>
        <display value="RTG nohy – projekce"/>
      </concept>
      <concept>
        <code value="28582-5"/>
        <display value="RTG ruky – projekce"/>
      </concept>
      <concept>
        <code value="28564-3"/>
        <display value="RTG lebky – projekce"/>
      </concept>
      <concept>
        <code value="24762-7"/>
        <display value="RTG kyčle – projekce"/>
      </concept>
      <concept>
        <code value="28567-6"/>
        <display value="RTG humeru (pažní kosti) – projekce"/>
      </concept>
      <concept>
        <code value="28565-0"/>
        <display value="RTG kolene – projekce"/>
      </concept>
      <concept>
        <code value="28561-9"/>
        <display value="RTG pánve – projekce"/>
      </concept>
      <concept>
        <code value="24891-4"/>
        <display value="RTG předloktí (radius + ulna) – projekce"/>
      </concept>
      <concept>
        <code value="24909-4"/>
        <display value="RTG ramene – projekce"/>
      </concept>
      <concept>
        <code value="24946-6"/>
        <display value="RTG krční páteře – projekce"/>
      </concept>
      <concept>
        <code value="24972-2"/>
        <display value="RTG bederní páteře – projekce"/>
      </concept>
      <concept>
        <code value="24983-9"/>
        <display value="RTG hrudní páteře – projekce"/>
      </concept>
      <concept>
        <code value="28613-8"/>
        <display value="RTG páteře – projekce"/>
      </concept>
      <concept>
        <code value="25011-8"/>
        <display value="RTG bérce (tibia + fibula) – projekce"/>
      </concept>
      <concept>
        <code value="18782-3"/>
        <display value="Popis nálezu zobrazovacího vyšetření (narrativní)"/>
      </concept>
      <concept>
        <code value="24619-9"/>
        <display value="RTG zápěstí – projekce"/>
      </concept>
    </include>
  </compose>
</ValueSet>