{
  "resourceType" : "ValueSet",
  "id" : "healthInsuranceCompanyCode",
  "language" : "cs",
  "text" : {
    "status" : "generated",
    "div" : "<div xml:lang=\"cs\" xmlns=\"http://www.w3.org/1999/xhtml\" lang=\"cs\"><p class=\"res-header-id\"><b>Generated Narrative: ValueSet healthInsuranceCompanyCode</b></p><a name=\"healthInsuranceCompanyCode\"> </a><a name=\"hchealthInsuranceCompanyCode\"> </a><div style=\"display: inline-block; background-color: #d9e0e7; padding: 6px; margin: 4px; border: 1px solid #8da1b4; border-radius: 5px; line-height: 60%\"><p style=\"margin-bottom: 0px\">Language: cs</p></div><ul><li>Include all codes defined in <a href=\"CodeSystem-healthInsuranceCompanyCode.html\"><code>https://ncez.mzcr.cz/terminology/CodeSystem/healthInsuranceCompanyCode</code></a><span title=\"Version is not explicitly stated, which means it is fixed to the version provided in this specification\"> version &#x1F4E6;0.1.0</span></li></ul></div>"
  },
  "extension" : [{
    "url" : "http://hl7.org/fhir/StructureDefinition/structuredefinition-fmm",
    "valueInteger" : 2
  },
  {
    "url" : "http://hl7.org/fhir/StructureDefinition/structuredefinition-standards-status",
    "valueCode" : "trial-use"
  }],
  "url" : "https://ncez.mzcr.cz/terminology/ValueSet/healthInsuranceCompanyCode",
  "version" : "0.1.0",
  "name" : "HealthInsuranceCompanyCode",
  "title" : "ValueSet of Health Insurance Company Code",
  "status" : "active",
  "experimental" : false,
  "date" : "2024-01-01",
  "publisher" : "HL7 Czech Republic",
  "contact" : [{
    "name" : "HL7 Czech Republic",
    "telecom" : [{
      "system" : "url",
      "value" : "https://www.hl7.cz/"
    }]
  }],
  "description" : "Číselník kódů zdravotních pojišťoven.",
  "jurisdiction" : [{
    "coding" : [{
      "system" : "urn:iso:std:iso:3166",
      "code" : "CZ",
      "display" : "Czechia"
    }]
  }],
  "compose" : {
    "include" : [{
      "system" : "https://ncez.mzcr.cz/terminology/CodeSystem/healthInsuranceCompanyCode"
    }]
  }
}