<?xml version="1.0" encoding="UTF-8"?>

<ValueSet xmlns="http://hl7.org/fhir">
  <id value="medical-document-type"/>
  <language value="cs"/>
  <text>
    <status value="generated"/><div xml:lang="cs" xmlns="http://www.w3.org/1999/xhtml" lang="cs"><p class="res-header-id"><b>Generated Narrative: ValueSet medical-document-type</b></p><a name="medical-document-type"> </a><a name="hcmedical-document-type"> </a><div style="display: inline-block; background-color: #d9e0e7; padding: 6px; margin: 4px; border: 1px solid #8da1b4; border-radius: 5px; line-height: 60%"><p style="margin-bottom: 0px">Language: cs</p></div><ul><li>Include these codes as defined in <a href="http://loinc.org"><code>http://loinc.org</code></a><span title="Version is not explicitly stated. No matching Code System found"> version Not Stated (use latest from terminology server)</span><table class="none"><tr><td style="white-space:nowrap"><b>Code</b></td><td><b>Display</b></td></tr><tr><td><a href="https://loinc.org/18842-5/">18842-5</a></td><td>Propouštěcí zpráva</td></tr><tr><td><a href="https://loinc.org/11488-4/">11488-4</a></td><td>Konsiliární zpráva</td></tr><tr><td><a href="https://loinc.org/11506-3/">11506-3</a></td><td>Průběžná zpráva</td></tr><tr><td><a href="https://loinc.org/67851-6/">67851-6</a></td><td>Vstupní vyšetření</td></tr><tr><td><a href="https://loinc.org/11504-8/">11504-8</a></td><td>Operační protokol</td></tr><tr><td><a href="https://loinc.org/60591-5/">60591-5</a></td><td>Pacientský souhrn</td></tr><tr><td><a href="https://loinc.org/67781-5/">67781-5</a></td><td>Zpráva o vyšetření či ošetření</td></tr><tr><td><a href="https://loinc.org/34133-9/">34133-9</a></td><td>Souhrn poskytnuté péče</td></tr><tr><td><a href="https://loinc.org/51848-0/">51848-0</a></td><td>Lékařský posudek</td></tr><tr><td><a href="https://loinc.org/67796-3/">67796-3</a></td><td>Záznam o výjezdu</td></tr><tr><td><a href="https://loinc.org/18743-5/">18743-5</a></td><td>Pitevní protokol</td></tr><tr><td><a href="https://loinc.org/34748-4/">34748-4</a></td><td>Zpráva o telekonzultaci</td></tr><tr><td><a href="https://loinc.org/74207-2/">74207-2</a></td><td>Souhrn pre-hospitalizační péče</td></tr></table></li></ul></div>
  </text>
  <url value="https://ncez.mzcr.cz/terminology/ValueSet/medical-document-type"/>
  <version value="0.1.0"/>
  <name value="MedicalDocumentType"/>
  <title value="Typy lékařské dokumentace"/>
  <status value="draft"/>
  <experimental value="false"/>
  <date value="2025-11-19T19:13:45.314486Z"/>
  <publisher value="HL7 Czech Republic"/>
  <contact>
    <name value="HL7 Czech Republic"/>
    <telecom>
      <system value="url"/>
      <value value="https://www.hl7.cz/"/>
    </telecom>
  </contact>
  <description value="Číselník typů medicínských dokumentů."/>
  <jurisdiction>
    <coding>
      <system value="urn:iso:std:iso:3166"/>
      <code value="CZ"/>
      <display value="Czechia"/>
    </coding>
  </jurisdiction>
  <copyright value="This material contains content from LOINC (http://loinc.org). LOINC is copyright © 1995-2020, Regenstrief Institute, Inc. and the Logical Observation Identifiers Names and Codes (LOINC) Committee and is available at no cost under the license at http://loinc.org/license. LOINC® is a registered United States trademark of Regenstrief Institute, Inc"/>
  <compose>
    <include>
      <system value="http://loinc.org"/>
      <concept>
        <code value="18842-5"/>
        <display value="Propouštěcí zpráva"/>
      </concept>
      <concept>
        <code value="11488-4"/>
        <display value="Konsiliární zpráva"/>
      </concept>
      <concept>
        <code value="11506-3"/>
        <display value="Průběžná zpráva"/>
      </concept>
      <concept>
        <code value="67851-6"/>
        <display value="Vstupní vyšetření"/>
      </concept>
      <concept>
        <code value="11504-8"/>
        <display value="Operační protokol"/>
      </concept>
      <concept>
        <code value="60591-5"/>
        <display value="Pacientský souhrn"/>
      </concept>
      <concept>
        <code value="67781-5"/>
        <display value="Zpráva o vyšetření či ošetření"/>
      </concept>
      <concept>
        <code value="34133-9"/>
        <display value="Souhrn poskytnuté péče"/>
      </concept>
      <concept>
        <code value="51848-0"/>
        <display value="Lékařský posudek"/>
      </concept>
      <concept>
        <code value="67796-3"/>
        <display value="Záznam o výjezdu"/>
      </concept>
      <concept>
        <code value="18743-5"/>
        <display value="Pitevní protokol"/>
      </concept>
      <concept>
        <code value="34748-4"/>
        <display value="Zpráva o telekonzultaci"/>
      </concept>
      <concept>
        <code value="74207-2"/>
        <display value="Souhrn pre-hospitalizační péče"/>
      </concept>
    </include>
  </compose>
</ValueSet>