URL,Version,Status,OIDs,Name,Title,Description,Used
http://hl7.org/fhir/administrative-gender,4.0.1,active,"2.16.840.1.113883.4.642.4.2",AdministrativeGender,AdministrativeGender,"The gender of a person used for administrative purposes.","ValueSet/administrative-gender-cz"
http://hl7.org/fhir/allergy-intolerance-category,4.0.1,draft,"2.16.840.1.113883.4.642.4.134",AllergyIntoleranceCategory,AllergyIntoleranceCategory,"Category of an identified substance associated with allergies or intolerances.","ValueSet/allergy-intolerance-category-cz"
http://hl7.org/fhir/allergy-intolerance-criticality,4.0.1,draft,"2.16.840.1.113883.4.642.4.130",AllergyIntoleranceCriticality,AllergyIntoleranceCriticality,"Estimate of the potential clinical harm, or seriousness, of a reaction to an identified substance.","ValueSet/allergy-intolerance-criticality-cz"
http://hl7.org/fhir/uv/ips/CodeSystem/absent-unknown-uv-ips,1.1.0,active,,AbsentAndUnknownDataUvIps,Absent and Unknown Data - IPS,"International Patient Summary (IPS) codes for ""known absent"" and ""not known"" data.","ValueSet/eHDSIAbsentOrUnknownDevice,ValueSet/eHDSIAbsentOrUnknownAllergy"
http://loinc.org,2.82,active,,LOINC,,"This is a place holder for the code system which is fully supported through internal means (not by this code system)","ValueSet/medical-document-type,ValueSet/document-category,ValueSet/lab-document-types,ValueSet/referralorder-types,ValueSet/nursing-document-type,ValueSet/imaging-document-types"
http://snomed.info/sct,null,active,"2.16.840.1.113883.6.96",SNOMED_CT,SNOMED CT (all versions),"SNOMED CT is the most comprehensive and precise clinical health terminology product in the world, owned and distributed around the world by The International Health Terminology Standards Development Organisation (IHTSDO).","ValueSet/registering-provider-service-type-cz,ValueSet/cz-specimen-laterality,ValueSet/condition-cz,ValueSet/lab-specimenType,ValueSet/cz-specimencontainer,ValueSet/medical-test-code,ValueSet/cz-specimenAdditive,ValueSet/medical-device,ValueSet/cz-lab-species-type,ValueSet/cz-sitequalifier,ValueSet/referralorder-types,ValueSet/eHDSIReactionAllergy,ValueSet/eHDSIAllergenNoDrug"
http://standardterms.edqm.eu,5 February 2025,active,"0.4.0.127.0.16.1.1.2.1",EDQM_Standard_Terms,EDQM Standard Terms,"Standard terms published by the European Directorate for the Quality of Medicines & HealthCare (EDQM) for pharmaceutical dose forms, routes and methods of administration, containers, closures, administration devices and units of presentation.","ValueSet/eHDSIRouteofAdministration,ValueSet/eHDSIDoseForm"
http://terminology.hl7.org/CodeSystem/coverage-selfpay,1.0.1,active,"2.16.840.1.113883.4.642.1.1148",CoverageSelfPayCodes,Coverage SelfPay Codes,"This value set includes Coverage SelfPay codes.","ValueSet/cz-coverage-type"
http://terminology.hl7.org/CodeSystem/v2-0131,3.0.0,active,"2.16.840.1.113883.18.58",ContactRole2,contactRole2,"Code system of concepts which specify a relationship role that the next of kin/associated parties plays with regard to the patient. Also used in referrals, for example, it may be necessary to identify the contact representative at the clinic that sent a referral. Used in HL7 Version 2 messaging in the NK1 and CTD segments after 2.5, when it replace 2.16.840.1.113883.18.57.","ValueSet/contactrole-cz"
http://terminology.hl7.org/CodeSystem/v3-ActCode,11.0.0,active,"2.16.840.1.113883.5.4",ActCode,ActCode,"A code specifying the particular kind of Act that the Act-instance represents within its class.    *Constraints:* The kind of Act (e.g. physical examination, serum potassium, inpatient encounter, charge financial transaction, etc.) is specified with a code from one of several, typically external, coding systems. The coding system will depend on the class of Act, such as LOINC for observations, etc.    Conceptually, the Act.code must be a specialization of the Act.classCode. This is why the structure of ActClass domain should be reflected in the superstructure of the ActCode domain and then individual codes or externally referenced vocabularies subordinated under these domains that reflect the ActClass structure.    Act.classCode and Act.code are not modifiers of each other but the Act.code concept should really imply the Act.classCode concept. For a negative example, it is not appropriate to use an Act.code ""potassium"" together with and Act.classCode for ""laboratory observation"" to somehow mean ""potassium laboratory observation"" and then use the same Act.code for ""potassium"" together with Act.classCode for ""medication"" to mean ""substitution of potassium"". This mutually modifying use of Act.code and Act.classCode is not permitted.","ValueSet/cz-coverage-type"
http://terminology.hl7.org/CodeSystem/v3-NullFlavor,4.0.0,active,"2.16.840.1.113883.5.1008",NullFlavor,NullFlavor,"A collection of codes specifying why a valid value is not present.","ValueSet/eHDSIExceptionalValue"
http://terminology.hl7.org/CodeSystem/v3-RoleCode,4.0.0,active,"2.16.840.1.113883.5.111",RoleCode,RoleCode,"A set of codes further specifying the kind of Role; specific classification codes for further qualifying RoleClass codes.","ValueSet/personal-relationship-cz"
https://ncez.mzcr.cz/nclp/CodeSystem/nclpmat,20260214,active,,NCLPMAT,NCLPMAT,"Číselník materiálů pro laboratoře","ValueSet/nclpmat"
https://ncez.mzcr.cz/nclp/CodeSystem/nclppol,02.97.01,active,,CS_NCLPPOL,NCLPPOL Code System,"Národní číselník laboratorních položek","ValueSet/medical-test-code,ValueSet/nclppol"
https://ncez.mzcr.cz/terminology/CodeSystem/drzar,1.0.0,active,"1.2.203.24341.11.2.10.1",CS_Drzar,Type of healthcare facility,"Czech national code system for type of healthcare facility.","ValueSet/drzar"
https://ncez.mzcr.cz/terminology/CodeSystem/healthInsuranceCompanyCode,1.0.0,active,,CS_HealthInsuranceCompanyCode,Codesystem of Health Insurance Companies,"National codes of health insurance companies.","ValueSet/healthInsuranceCompanyCode"
https://ncez.mzcr.cz/terminology/CodeSystem/nrzp-povolani,1.0.0,active,"1.2.203.24341.11.2.10.2.1",NRZP_Povolani,NRZP - Czech health professional occupation,"Czech national code system for health professional occupation used in the national registry of healthcare practicioners.","ValueSet/nrzp-povolani-vs"
https://ncez.mzcr.cz/terminology/CodeSystem/vzp-smluvni-odbornost,770,active,,VzpSmluvniOdbornost,VZP - smluvní odbornost pracovišť,"Kódový systém VZP - smluvní odbornost pracovišť je využíván pro objednávání a vykazování/vyúčtování zdravotních služeb.","ValueSet/vzp-smluvni-odbornost"
https://sukl.cz/terminology/CodeSystem/dlp-atc,1.0.0,active,,CS_DLP_atc,ATC CZ,"Czech national version of the Anatomical Therapeutical Chemical (ATC) code system.","ValueSet/dlp-atc"
https://sukl.cz/terminology/CodeSystem/dlp-formy,1.0.0,active,,CS_DLP_formy,DLP formy,"Lékové formy dle DLP.","ValueSet/dlp-formy"
https://sukl.cz/terminology/CodeSystem/dlp-lecivelatky,1.0.0,active,"1.2.203.24341.11.2.7.5",CS_DLP_lecivelatky,DLP Lecive latky,"DLP Lecive latky - Czech national code system for active drug substances.","ValueSet/dlp-lecivelatky"
https://sukl.cz/terminology/CodeSystem/dlp-lecivepripravky,1.0.0,active,,CS_DLP_lecivepripravky,DLP Lecive pripravky,"DLP Lecive pripravky - Czech national registry of the pharmaceutical products.","ValueSet/dlp-lecivepripravky"
https://uzis.cz/terminology/CodeSystem/OdbornostVZP,1.0.0,active,,CS_OdbornostVZP,OdbornostVZP,"Kódový systém smluvních odborností poskytovatele (VZP)","ValueSet/nzis-odbornostvzp"
https://uzis.cz/terminology/CodeSystem/mkn-10,2025-01,active,"1.2.203.24341.11.2.1",MKN10_5,Kódový systém MKN-10,"Národní systém pro kódování diagnóz a zdravotních problémů odvozený od ICD-10 WHO.","ValueSet/condition-cz,ValueSet/mkn-10"
https://uzis.cz/terminology/CodeSystem/nzis-NahradyZaZdravotniPeci,1.0.0,active,,CS_NahradyZaZdravotniPeci,Kódový systém NahradyZaZdravotniPeci,"Kódový systém použitý v Národním registru hospitalizovaných (NRHOSP) pro kódování důvodů náhrady za zdravotní péči.","ValueSet/nzis-nahradyzazdravotnipeci"
https://www.orpha.net,2026,draft,"1.3.6.1.4.1.12559.11.10.1.3.1.44.5",ORPHADisease,ORPHA vzácná onemocnění,"Nomenklatura vzácných onemocnění ORPHAcode, která je nezbytná pro zlepšení viditelnosti vzácných onemocnění ve zdravotnických a výzkumných informačních systémech.","ValueSet/condition-cz,ValueSet/orphanet-rare-diseases"
