Source File	Size	loadResources	load	generateSnapshots	load-configure	scan	loadDepInfo	loadInfo	checkR4R4B	generateNarratives	validate	loadLists	checkConformanceResources	checkConformanceResources2	checkConformanceResources3	generateLogicalMaps	validateExpressions	scanForUsageStats	checkURLsUnique	processProvenanceDetails	generate1	generate2	generateLogicals	makeDependencies	generateExampleZip	generateValidationPack	scanProfilesForR5	scanExamplesForR5
/fsh-generated/resources/ImplementationGuide-hl7.fhir.cz.terminology.json	21123	-	0	0	0	0	0	0	5	8	0	0	0	0	0	0	0	0	0	0	338	110	0	0	0	12	0	2
fsh-generated/resources/CodeSystem-absent-unknown-uv-ips-cz.json	4371	2	0	0	1	0	0	0	0	7	0	0	0	0	0	0	0	0	0	0	101	43	0	0	0	2	0	0
fsh-generated/resources/CodeSystem-administrative-gender-cz.json	1877	2	0	0	0	0	0	0	0	4	0	0	0	0	0	0	0	0	0	0	43	35	0	0	0	1	0	0
fsh-generated/resources/CodeSystem-allergy-intolerance-category-cz.json	3995	1	0	0	0	0	0	0	1	3	0	0	0	0	0	0	0	0	0	0	78	32	0	0	0	1	0	0
fsh-generated/resources/CodeSystem-allergy-intolerance-criticality-cz.json	2709	2	0	0	0	0	0	0	0	4	0	0	0	0	0	0	0	0	0	0	53	28	0	0	0	0	0	0
fsh-generated/resources/CodeSystem-coverage-selfpay-cz.json	1095	2	0	0	1	0	0	0	0	4	0	0	0	0	0	0	0	0	0	0	23	35	0	0	0	1	0	0
fsh-generated/resources/CodeSystem-dlp-atc.json	152591	8	0	0	0	0	0	0	9	21	0	0	0	0	0	0	0	0	0	0	700	143	0	0	0	19	0	2
fsh-generated/resources/CodeSystem-dlp-formy.json	449686	30	0	0	0	0	0	0	41	107	0	0	0	0	0	0	0	3	0	0	2555	556	0	0	0	79	0	10
fsh-generated/resources/CodeSystem-dlp-lecivelatky.json	1091	2	0	0	0	0	0	0	0	4	0	0	0	0	0	0	0	0	0	0	20	78	0	0	0	1	0	0
fsh-generated/resources/CodeSystem-dlp-lecivepripravky.json	1062	2	0	0	1	0	0	0	0	4	0	0	0	0	0	0	0	0	0	0	20	30	0	0	0	0	0	0
fsh-generated/resources/CodeSystem-drzar.json	7122	2	0	0	0	0	0	0	1	5	0	0	0	0	0	0	0	0	0	0	147	39	0	0	0	2	0	0
fsh-generated/resources/CodeSystem-healthInsuranceCompanyCode.json	3997	2	0	0	0	0	0	0	0	4	0	0	0	0	0	0	0	0	0	0	45	29	0	0	0	1	0	0
fsh-generated/resources/CodeSystem-mkn-10.json	752	2	0	0	0	0	0	0	0	3	0	0	0	0	0	0	0	0	0	0	12	41	0	0	0	1	0	0
fsh-generated/resources/CodeSystem-nclp-NCLPMAT.json	148366	12	0	0	0	0	0	0	15	29	0	0	1	0	0	0	0	1	0	0	805	140	0	0	0	16	0	4
fsh-generated/resources/CodeSystem-nrzp-povolani.json	5319	2	0	0	0	0	0	0	1	5	0	0	0	0	0	0	0	0	0	0	102	31	0	0	0	2	0	0
fsh-generated/resources/CodeSystem-v2-0131-cz.json	4477	2	0	0	1	0	0	0	0	5	0	0	0	0	0	0	0	0	0	0	60	28	0	0	0	1	0	0
fsh-generated/resources/CodeSystem-v3-ActCode-cz.json	7964	3	0	0	0	0	0	0	0	111	0	0	0	0	0	0	0	0	0	0	94	41	0	0	0	0	0	0
fsh-generated/resources/CodeSystem-v3-NullFlavor-cz.json	20105	2	0	0	0	0	0	0	1	10	0	0	0	0	0	0	0	0	0	0	159	53	0	0	0	3	0	0
fsh-generated/resources/CodeSystem-v3-RoleCode-cz.json	45670	5	0	0	0	0	0	0	4	36	0	0	0	0	0	0	0	0	0	0	262	67	0	0	0	4	0	1
fsh-generated/resources/ValueSet-AllergenWithExceptions.json	2113	2	0	0	0	0	0	0	0	43	0	0	0	0	0	0	0	0	0	0	18	27	0	0	0	0	0	0
fsh-generated/resources/ValueSet-MedicalDeviceWithExceptions.json	1715	1	0	0	0	0	0	0	0	2	0	0	0	0	0	0	0	0	0	0	21	26	0	0	0	1	0	0
fsh-generated/resources/ValueSet-OP-NS.json	34073	3	0	0	1	0	0	0	2	14	0	0	0	0	0	0	0	0	0	0	186	273	0	0	0	4	0	0
fsh-generated/resources/ValueSet-administrative-gender-cz.json	1005	2	0	0	0	0	0	0	0	3	0	0	0	0	0	0	0	0	0	0	18	45	0	0	0	1	0	0
fsh-generated/resources/ValueSet-allergy-intolerance-category-cz.json	1045	2	0	0	0	0	0	0	0	2	0	0	0	0	0	0	0	0	0	0	16	40	0	0	0	0	0	0
fsh-generated/resources/ValueSet-allergy-intolerance-criticality-cz.json	1101	2	0	0	0	0	0	0	0	3	0	0	0	0	0	0	0	0	0	0	15	36	0	0	0	1	0	1
fsh-generated/resources/ValueSet-condition-cz.json	1348	1	0	0	0	0	0	0	0	2	0	0	0	0	0	0	0	0	0	0	24	36	0	0	0	0	0	0
fsh-generated/resources/ValueSet-contact-and-relationship-cz.json	1023	2	0	0	0	0	0	0	0	3	0	0	0	0	0	0	0	0	0	0	15	137	0	0	0	1	0	0
fsh-generated/resources/ValueSet-contactrole-cz.json	1450	2	0	0	0	0	0	0	0	3	0	0	0	0	0	0	0	0	0	0	25	44	0	0	0	0	0	0
fsh-generated/resources/ValueSet-cz-coverage-type.json	1473	2	0	0	1	0	0	0	1	17	0	0	0	0	0	0	0	0	0	0	29	68	0	0	0	0	0	0
fsh-generated/resources/ValueSet-cz-logo-mime-types.json	1193	2	0	0	0	0	0	0	0	4	0	0	0	0	0	0	0	0	0	0	21	42	0	0	0	1	0	0
fsh-generated/resources/ValueSet-cz-sitequalifier.json	3747	2	0	0	0	0	0	0	0	4	0	0	0	0	0	0	0	0	0	0	30	64	0	0	0	0	0	0
fsh-generated/resources/ValueSet-cz-specimen-laterality.json	1721	1	0	0	0	0	0	0	0	3	0	0	0	0	0	0	0	0	0	0	22	38	0	0	0	1	0	0
fsh-generated/resources/ValueSet-cz-specimenAdditive.json	3247	2	0	0	0	0	0	0	0	4	0	0	0	0	0	0	0	0	0	0	23	41	0	0	0	0	0	0
fsh-generated/resources/ValueSet-cz-specimencontainer.json	1196	2	0	0	0	0	0	0	0	3	0	0	0	0	0	0	0	0	0	0	13	104	0	0	0	0	0	0
fsh-generated/resources/ValueSet-dlp-atc.json	975	2	0	0	0	0	0	0	0	3	0	0	0	0	0	0	0	0	0	0	18	211	0	0	0	1	0	0
fsh-generated/resources/ValueSet-dlp-formy.json	1055	2	0	0	1	0	0	0	1	2	0	0	0	0	0	0	0	0	0	0	17	504	0	0	0	0	0	0
fsh-generated/resources/ValueSet-dlp-lecivelatky.json	1107	1	0	0	0	0	0	0	0	3	0	0	0	0	0	0	0	0	0	0	17	1707	0	0	0	0	0	0
fsh-generated/resources/ValueSet-dlp-lecivepripravky.json	1039	2	0	0	0	0	0	0	0	3	0	0	0	0	0	0	0	0	0	0	22	1460	0	0	0	1	0	0
fsh-generated/resources/ValueSet-document-category.json	1890	2	0	0	0	0	0	0	0	5	0	0	0	0	0	0	0	0	0	0	22	37	0	0	0	0	0	0
fsh-generated/resources/ValueSet-drzar.json	1153	2	0	0	0	0	0	0	0	3	0	0	0	0	0	0	0	0	0	0	22	95	0	0	0	0	0	0
fsh-generated/resources/ValueSet-eHDSIAbsentOrUnknownAllergy-cz.json	1863	2	0	0	0	0	0	0	0	3	0	0	0	0	0	0	0	0	0	0	32	57	0	0	0	1	0	0
fsh-generated/resources/ValueSet-eHDSIAbsentOrUnknownDevice-cz.json	1509	1	0	0	0	0	0	0	0	4	0	0	0	0	0	0	0	0	0	0	25	48	0	0	0	0	0	0
fsh-generated/resources/ValueSet-eHDSIAllergenNoDrug-cz.json	47179	5	0	0	1	0	0	0	4	24	0	0	0	0	0	0	0	0	0	0	294	470	0	0	0	7	0	1
fsh-generated/resources/ValueSet-eHDSIExceptionalValue-cz.json	1509	2	0	0	0	0	0	0	0	5	0	0	0	0	0	0	0	0	0	0	25	38	0	0	0	1	0	0
fsh-generated/resources/ValueSet-healthInsuranceCompanyCode.json	1108	2	0	0	0	0	0	0	1	3	0	0	0	0	0	0	0	0	0	0	17	62	0	0	0	1	0	0
fsh-generated/resources/ValueSet-imaging-document-types.json	7731	2	0	0	0	0	0	0	0	7	0	0	0	0	0	0	0	0	0	0	56	784	0	0	0	1	0	0
fsh-generated/resources/ValueSet-lab-document-types.json	2073	2	0	0	0	0	0	0	0	4	0	0	0	0	0	0	0	0	0	0	20	45	0	0	0	0	0	0
fsh-generated/resources/ValueSet-lab-specimenType.json	49257	4	0	0	0	0	0	0	4	25	0	0	0	0	0	0	0	1	0	0	333	510	0	0	0	7	0	1
fsh-generated/resources/ValueSet-medical-device.json	1490	2	0	0	0	0	0	0	0	4	0	0	0	0	0	0	0	0	0	0	15	699	0	0	0	1	0	0
fsh-generated/resources/ValueSet-medical-document-type.json	2525	2	0	0	0	0	0	0	0	4	0	0	0	0	0	0	0	0	0	0	23	37	0	0	0	0	0	0
fsh-generated/resources/ValueSet-mkn-10.json	834	2	0	0	1	0	0	0	0	3	0	0	0	0	0	0	0	0	0	0	13	1464	0	0	0	1	0	0
fsh-generated/resources/ValueSet-nclpmat.json	729	2	0	0	0	0	0	0	0	3	0	0	0	0	0	0	0	0	0	0	12	137	0	0	0	0	0	0
fsh-generated/resources/ValueSet-nrzp-povolani-vs.json	1131	2	0	0	0	0	0	0	1	3	0	0	0	0	0	0	0	0	0	0	13	64	0	0	0	0	0	0
fsh-generated/resources/ValueSet-nursing-document-type.json	1731	2	0	0	0	0	0	0	0	4	0	0	0	0	0	0	0	0	0	0	22	28	0	0	0	0	0	0
fsh-generated/resources/ValueSet-passport-NS.json	37731	3	0	0	0	0	0	0	2	15	0	0	0	0	0	0	0	0	0	0	212	223	0	0	0	3	0	0
fsh-generated/resources/ValueSet-personal-relationship-cz.json	4121	2	0	0	0	0	0	0	0	15	0	0	0	0	0	0	0	0	0	0	58	97	0	0	0	2	0	0
fsh-generated/resources/ValueSet-referralorder-types.json	1779	2	0	0	0	0	0	0	0	4	0	0	0	0	0	0	0	0	0	0	21	30	0	0	0	0	0	0
fsh-generated/resources/ValueSet-registering-provider-service-type-cz.json	1908	1	0	0	1	0	0	0	0	4	0	0	0	0	0	0	0	0	0	0	17	26	0	0	0	0	0	0
fsh-generated/resources/ValueSet-search-document-types.json	1703	2	0	0	0	0	0	0	1	3	0	0	0	0	0	0	0	0	0	0	20	816	0	0	0	0	0	0
/fsh-generated/includes/fsh-link-references.md	3229	-	-	-	0	0	0	0	0	0	0	0	0	0	0	0	0	0	0	0	0	1	0	0	0	0	0	0
/fsh-generated/includes/menu.xml	1109	-	-	-	0	0	0	0	0	0	0	0	0	0	0	0	0	0	0	0	0	0	0	0	0	0	0	0
/input/pagecontent/codeSystems.md	621	-	-	-	0	0	0	0	0	0	0	0	0	0	0	0	0	0	0	0	0	1	0	0	0	0	0	0
/input/pagecontent/terminologies.md	291	-	-	-	0	0	0	0	0	0	0	0	0	0	0	0	0	0	0	0	0	0	0	0	0	0	0	0
/input/pagecontent/index.md	267	-	-	-	0	0	0	0	0	0	0	0	0	0	0	0	0	0	0	0	0	0	0	0	0	0	0	0
/input/pagecontent/artifactsPage.md	1121	-	-	-	0	0	0	0	0	0	0	0	0	0	0	0	0	0	0	0	0	1	0	0	0	0	0	0
/input/pagecontent/valueSets.md	616	-	-	-	0	0	0	0	0	0	0	0	0	0	0	0	0	0	0	0	0	0	0	0	0	0	0	0
/template/config	0	-	-	-	0	0	0	0	0	0	0	0	0	0	0	0	0	0	0	0	0	0	0	0	0	0	0	0
/template/config/_config.yml	140	-	-	-	0	0	0	0	0	0	0	0	0	0	0	0	0	0	0	0	0	0	0	0	0	0	0	0
/temp/pages/_includes/artifacts.xml	24199	-	-	-	-	-	-	-	-	-	-	-	-	-	-	-	-	-	-	-	-	1	0	0	0	0	0	0
