<?xml version="1.0" encoding="UTF-8"?>

<CodeSystem xmlns="http://hl7.org/fhir">
  <id value="absent-unknown-uv-ips-cz"/>
  <language value="cs"/>
  <text>
    <status value="generated"/><div xml:lang="cs" xmlns="http://www.w3.org/1999/xhtml" lang="cs"><p class="res-header-id"><b>Generated Narrative: CodeSystem absent-unknown-uv-ips-cz</b></p><a name="absent-unknown-uv-ips-cz"> </a><a name="hcabsent-unknown-uv-ips-cz"> </a><div style="display: inline-block; background-color: #d9e0e7; padding: 6px; margin: 4px; border: 1px solid #8da1b4; border-radius: 5px; line-height: 60%"><p style="margin-bottom: 0px">Language: cs</p></div><p>This code system supplement <code>https://ncez.mzcr.cz/terminology/CodeSystem/absent-unknown-uv-ips-cz</code> defines features on the following codes:</p><table class="codes"><tr><td style="white-space:nowrap"><b>Code</b></td><td><b>Display</b></td><td><b>Definition</b></td></tr><tr><td><a style="white-space:nowrap" href="http://hl7.org/fhir/uv/ips/STU1.1/CodeSystem-absent-unknown-uv-ips.html#absent-unknown-uv-ips-no-allergy-info">no-allergy-info</a><a name="absent-unknown-uv-ips-cz-no-allergy-info"> </a></td><td>žádné informace o alergiích</td><td>Nejsou známy žádné informace o alergiích pacienta.</td></tr><tr><td><a style="white-space:nowrap" href="http://hl7.org/fhir/uv/ips/STU1.1/CodeSystem-absent-unknown-uv-ips.html#absent-unknown-uv-ips-no-device-info">no-device-info</a><a name="absent-unknown-uv-ips-cz-no-device-info"> </a></td><td>žádné informace o používaných zdravotnických prostředcích a implantátech</td><td>Nejsou k dispozici žádné informace o implantátech nebo externích zdravotnických prostředcích používaných pacientem.</td></tr><tr><td><a style="white-space:nowrap" href="http://hl7.org/fhir/uv/ips/STU1.1/CodeSystem-absent-unknown-uv-ips.html#absent-unknown-uv-ips-no-immunization-info">no-immunization-info</a><a name="absent-unknown-uv-ips-cz-no-immunization-info"> </a></td><td>žádné informace o očkování</td><td>Historie očkování není známa.</td></tr><tr><td><a style="white-space:nowrap" href="http://hl7.org/fhir/uv/ips/STU1.1/CodeSystem-absent-unknown-uv-ips.html#absent-unknown-uv-ips-no-known-allergies">no-known-allergies</a><a name="absent-unknown-uv-ips-cz-no-known-allergies"> </a></td><td>žádné známé alergie</td><td>Nejsou známy žádné alergie pacienta.</td></tr><tr><td><a style="white-space:nowrap" href="http://hl7.org/fhir/uv/ips/STU1.1/CodeSystem-absent-unknown-uv-ips.html#absent-unknown-uv-ips-no-known-devices">no-known-devices</a><a name="absent-unknown-uv-ips-cz-no-known-devices"> </a></td><td>žádné implantáty ani jiné zdravotnické prostředky</td><td>Nejsou známy žádné významné implantáty či externí zdravotnické prostředky které pacient používá. To znamená, že pacient žádné zdravotnické prostředky nepoužívá nebo že nejsou pro účel tohoto záznamu relevantní.</td></tr><tr><td><a style="white-space:nowrap" href="http://hl7.org/fhir/uv/ips/STU1.1/CodeSystem-absent-unknown-uv-ips.html#absent-unknown-uv-ips-no-known-environmental-allergies">no-known-environmental-allergies</a><a name="absent-unknown-uv-ips-cz-no-known-environmental-allergies"> </a></td><td>žádné známé alergie na vnější prostředí</td><td>Pacient nemá žádné známé alergie na vnější prostředí.</td></tr><tr><td><a style="white-space:nowrap" href="http://hl7.org/fhir/uv/ips/STU1.1/CodeSystem-absent-unknown-uv-ips.html#absent-unknown-uv-ips-no-known-food-allergies">no-known-food-allergies</a><a name="absent-unknown-uv-ips-cz-no-known-food-allergies"> </a></td><td>žádné známé alergie na potraviny</td><td>Pacient nemá žádné známé alergie na potraviny.</td></tr><tr><td><a style="white-space:nowrap" href="http://hl7.org/fhir/uv/ips/STU1.1/CodeSystem-absent-unknown-uv-ips.html#absent-unknown-uv-ips-no-known-immunizations">no-known-immunizations</a><a name="absent-unknown-uv-ips-cz-no-known-immunizations"> </a></td><td>žádné známé očkování</td><td>Historie očkování neobsahuje žádné záznamy. To znamená, že pacient buď nebyl v minulosti očkován nebo údaje o provedeném očkování nejsou pro účely tohoto záznamu relevantní.</td></tr><tr><td><a style="white-space:nowrap" href="http://hl7.org/fhir/uv/ips/STU1.1/CodeSystem-absent-unknown-uv-ips.html#absent-unknown-uv-ips-no-known-medication-allergies">no-known-medication-allergies</a><a name="absent-unknown-uv-ips-cz-no-known-medication-allergies"> </a></td><td>žádné známé alergie na léky</td><td>Pacient nemá žádné známé alergie na léky.</td></tr><tr><td><a style="white-space:nowrap" href="http://hl7.org/fhir/uv/ips/STU1.1/CodeSystem-absent-unknown-uv-ips.html#absent-unknown-uv-ips-no-known-medications">no-known-medications</a><a name="absent-unknown-uv-ips-cz-no-known-medications"> </a></td><td>žádná známá medikace</td><td>Žádná známá medikace. To znamená, že pacient buď nemá žádnou medikaci, či medikace není pro účely tohoto záznamu relevantní.</td></tr><tr><td><a style="white-space:nowrap" href="http://hl7.org/fhir/uv/ips/STU1.1/CodeSystem-absent-unknown-uv-ips.html#absent-unknown-uv-ips-no-known-problems">no-known-problems</a><a name="absent-unknown-uv-ips-cz-no-known-problems"> </a></td><td>žádné známé zdravotní problémy</td><td>Pacient nemá žádné známé zdravotní problémy či onemocnění, která by byla relevantní pro účely tohoto záznamu.</td></tr><tr><td><a style="white-space:nowrap" href="http://hl7.org/fhir/uv/ips/STU1.1/CodeSystem-absent-unknown-uv-ips.html#absent-unknown-uv-ips-no-known-procedures">no-known-procedures</a><a name="absent-unknown-uv-ips-cz-no-known-procedures"> </a></td><td>žádné provedené výkony</td><td>Pacientovy nebyly provedeny žádné zdravotní výkony relevantní pro účely tohoto záznamu.</td></tr><tr><td><a style="white-space:nowrap" href="http://hl7.org/fhir/uv/ips/STU1.1/CodeSystem-absent-unknown-uv-ips.html#absent-unknown-uv-ips-no-medication-info">no-medication-info</a><a name="absent-unknown-uv-ips-cz-no-medication-info"> </a></td><td>žádné informace o medikaci</td><td>Nejsou k dispozici žádné informace o medikaci či o podávání léků pacientovi.</td></tr><tr><td><a style="white-space:nowrap" href="http://hl7.org/fhir/uv/ips/STU1.1/CodeSystem-absent-unknown-uv-ips.html#absent-unknown-uv-ips-no-problem-info">no-problem-info</a><a name="absent-unknown-uv-ips-cz-no-problem-info"> </a></td><td>žádné informace o zdravotních problémech</td><td>Nejsou k dispozici žádné informace o zdravotních problémech či onemocněních pacienta.</td></tr><tr><td><a style="white-space:nowrap" href="http://hl7.org/fhir/uv/ips/STU1.1/CodeSystem-absent-unknown-uv-ips.html#absent-unknown-uv-ips-no-procedure-info">no-procedure-info</a><a name="absent-unknown-uv-ips-cz-no-procedure-info"> </a></td><td>žádné informace o provedených výkonech</td><td>Nejsou k dispozici žádné informace o provedených výkonech.</td></tr></table></div>
  </text>
  <url value="https://ncez.mzcr.cz/terminology/CodeSystem/absent-unknown-uv-ips-cz"/>
  <version value="0.2.0"/>
  <name value="AbsentAndUnknownDataUvIps"/>
  <title value="Absent a Unknown Data - IPS"/>
  <status value="active"/>
  <experimental value="false"/>
  <date value="2025-11-26T13:38:57.738896Z"/>
  <publisher value="HL7 Czech Republic"/>
  <contact>
    <name value="HL7 Czech Republic"/>
    <telecom>
      <system value="url"/>
      <value value="https://www.hl7.cz/"/>
    </telecom>
  </contact>
  <description value="Kódový systém pro označení nepřítomnosti nebo neznalosti údajů. Doplněk kódového systému hl7-IPS (International patient Summary)."/>
  <jurisdiction>
    <coding>
      <system value="urn:iso:std:iso:3166"/>
      <code value="CZ"/>
      <display value="Czechia"/>
    </coding>
  </jurisdiction>
  <content value="supplement"/>
  <supplements value="http://hl7.org/fhir/uv/ips/CodeSystem/absent-unknown-uv-ips|1.1.0"/>
  <concept>
    <code value="no-allergy-info"/>
    <display value="žádné informace o alergiích"/>
    <definition value="Nejsou známy žádné informace o alergiích pacienta."/>
  </concept>
  <concept>
    <code value="no-device-info"/>
    <display value="žádné informace o používaných zdravotnických prostředcích a implantátech"/>
    <definition value="Nejsou k dispozici žádné informace o implantátech nebo externích zdravotnických prostředcích používaných pacientem."/>
  </concept>
  <concept>
    <code value="no-immunization-info"/>
    <display value="žádné informace o očkování"/>
    <definition value="Historie očkování není známa."/>
  </concept>
  <concept>
    <code value="no-known-allergies"/>
    <display value="žádné známé alergie"/>
    <definition value="Nejsou známy žádné alergie pacienta."/>
  </concept>
  <concept>
    <code value="no-known-devices"/>
    <display value="žádné implantáty ani jiné zdravotnické prostředky"/>
    <definition value="Nejsou známy žádné významné implantáty či externí zdravotnické prostředky které pacient používá. To znamená, že pacient žádné zdravotnické prostředky nepoužívá nebo že nejsou pro účel tohoto záznamu relevantní."/>
  </concept>
  <concept>
    <code value="no-known-environmental-allergies"/>
    <display value="žádné známé alergie na vnější prostředí"/>
    <definition value="Pacient nemá žádné známé alergie na vnější prostředí."/>
  </concept>
  <concept>
    <code value="no-known-food-allergies"/>
    <display value="žádné známé alergie na potraviny"/>
    <definition value="Pacient nemá žádné známé alergie na potraviny."/>
  </concept>
  <concept>
    <code value="no-known-immunizations"/>
    <display value="žádné známé očkování"/>
    <definition value="Historie očkování neobsahuje žádné záznamy. To znamená, že pacient buď nebyl v minulosti očkován nebo údaje o provedeném očkování nejsou pro účely tohoto záznamu relevantní."/>
  </concept>
  <concept>
    <code value="no-known-medication-allergies"/>
    <display value="žádné známé alergie na léky"/>
    <definition value="Pacient nemá žádné známé alergie na léky."/>
  </concept>
  <concept>
    <code value="no-known-medications"/>
    <display value="žádná známá medikace"/>
    <definition value="Žádná známá medikace. To znamená, že pacient buď nemá žádnou medikaci, či medikace není pro účely tohoto záznamu relevantní."/>
  </concept>
  <concept>
    <code value="no-known-problems"/>
    <display value="žádné známé zdravotní problémy"/>
    <definition value="Pacient nemá žádné známé zdravotní problémy či onemocnění, která by byla relevantní pro účely tohoto záznamu."/>
  </concept>
  <concept>
    <code value="no-known-procedures"/>
    <display value="žádné provedené výkony"/>
    <definition value="Pacientovy nebyly provedeny žádné zdravotní výkony relevantní pro účely tohoto záznamu."/>
  </concept>
  <concept>
    <code value="no-medication-info"/>
    <display value="žádné informace o medikaci"/>
    <definition value="Nejsou k dispozici žádné informace o medikaci či o podávání léků pacientovi."/>
  </concept>
  <concept>
    <code value="no-problem-info"/>
    <display value="žádné informace o zdravotních problémech"/>
    <definition value="Nejsou k dispozici žádné informace o zdravotních problémech či onemocněních pacienta."/>
  </concept>
  <concept>
    <code value="no-procedure-info"/>
    <display value="žádné informace o provedených výkonech"/>
    <definition value="Nejsou k dispozici žádné informace o provedených výkonech."/>
  </concept>
</CodeSystem>