{
  "resourceType" : "CodeSystem",
  "id" : "mkn-10",
  "language" : "cs",
  "text" : {
    "status" : "generated",
    "div" : "<div xml:lang=\"cs\" xmlns=\"http://www.w3.org/1999/xhtml\" lang=\"cs\"><p class=\"res-header-id\"><b>Generated Narrative: CodeSystem mkn-10</b></p><a name=\"mkn-10\"> </a><a name=\"hcmkn-10\"> </a><div style=\"display: inline-block; background-color: #d9e0e7; padding: 6px; margin: 4px; border: 1px solid #8da1b4; border-radius: 5px; line-height: 60%\"><p style=\"margin-bottom: 0px\">Language: cs</p></div><p>This case-sensitive code system <code>https://uzis.cz/terminology/CodeSystem/mkn-10</code> defines codes, but no codes are represented here</p></div>"
  },
  "url" : "https://uzis.cz/terminology/CodeSystem/mkn-10",
  "identifier" : [{
    "system" : "urn:ietf:rfc:3986",
    "value" : "urn:oid:1.2.203.24341.11.2.1"
  }],
  "version" : "0.2.0",
  "name" : "MKN10_5",
  "title" : "Kódový systém MKN-10",
  "status" : "active",
  "experimental" : false,
  "date" : "1980-01-01",
  "publisher" : "HL7 Czech Republic",
  "contact" : [{
    "name" : "HL7 Czech Republic",
    "telecom" : [{
      "system" : "url",
      "value" : "https://www.hl7.cz/"
    }]
  }],
  "description" : "Národní systém pro kódování diagnóz a zdravotních problémů.",
  "jurisdiction" : [{
    "coding" : [{
      "system" : "urn:iso:std:iso:3166",
      "code" : "CZ",
      "display" : "Czechia"
    }]
  }],
  "caseSensitive" : true,
  "content" : "not-present"
}