{
  "resourceType" : "ValueSet",
  "id" : "medical-device",
  "language" : "cs",
  "text" : {
    "status" : "generated",
    "div" : "<div xml:lang=\"cs\" xmlns=\"http://www.w3.org/1999/xhtml\" lang=\"cs\"><p class=\"res-header-id\"><b>Generated Narrative: ValueSet medical-device</b></p><a name=\"medical-device\"> </a><a name=\"hcmedical-device\"> </a><div style=\"display: inline-block; background-color: #d9e0e7; padding: 6px; margin: 4px; border: 1px solid #8da1b4; border-radius: 5px; line-height: 60%\"><p style=\"margin-bottom: 0px\">Language: cs</p></div><ul><li>Include codes from<a href=\"http://www.snomed.org/\"><code>http://snomed.info/sct</code></a><span title=\"Version is not explicitly stated. No matching Code System found\"> version Not Stated (use latest from terminology server)</span> where concept  descends from 49062001 (Device)</li></ul></div>"
  },
  "extension" : [{
    "url" : "http://hl7.org/fhir/StructureDefinition/structuredefinition-fmm",
    "valueInteger" : 1
  },
  {
    "url" : "http://hl7.org/fhir/StructureDefinition/structuredefinition-standards-status",
    "valueCode" : "draft"
  }],
  "url" : "https://ncez.mzcr.cz/terminology/ValueSet/medical-device",
  "version" : "0.2.0",
  "name" : "MedicalDeviceVS",
  "title" : "Medical Device",
  "status" : "active",
  "experimental" : false,
  "date" : "2024-01-01",
  "publisher" : "HL7 Czech Republic",
  "contact" : [{
    "name" : "HL7 Czech Republic",
    "telecom" : [{
      "system" : "url",
      "value" : "https://www.hl7.cz/"
    }]
  }],
  "description" : "Medical Device value set is used for coding implanted and external medical devices and equipment.",
  "jurisdiction" : [{
    "coding" : [{
      "system" : "urn:iso:std:iso:3166",
      "code" : "CZ",
      "display" : "Czechia"
    }]
  }],
  "copyright" : "This value set includes content from SNOMED CT, which is copyright © 2002+ International Health Terminology Standards Development Organisation (IHTSDO), and distributed by agreement between IHTSDO and HL7. Implementer use of SNOMED CT is not covered by this agreement",
  "compose" : {
    "include" : [{
      "system" : "http://snomed.info/sct",
      "filter" : [{
        "property" : "concept",
        "op" : "descendent-of",
        "value" : "49062001"
      }]
    }]
  }
}