{
  "resourceType" : "ValueSet",
  "id" : "medical-document-type",
  "language" : "cs",
  "text" : {
    "status" : "generated",
    "div" : "<div xml:lang=\"cs\" xmlns=\"http://www.w3.org/1999/xhtml\" lang=\"cs\"><p class=\"res-header-id\"><b>Generated Narrative: ValueSet medical-document-type</b></p><a name=\"medical-document-type\"> </a><a name=\"hcmedical-document-type\"> </a><div style=\"display: inline-block; background-color: #d9e0e7; padding: 6px; margin: 4px; border: 1px solid #8da1b4; border-radius: 5px; line-height: 60%\"><p style=\"margin-bottom: 0px\">Language: cs</p></div><ul><li>Include these codes as defined in <a href=\"http://loinc.org\"><code>http://loinc.org</code></a><span title=\"Version is not explicitly stated. No matching Code System found\"> version Not Stated (use latest from terminology server)</span><table class=\"none\"><tr><td style=\"white-space:nowrap\"><b>Code</b></td><td><b>Display</b></td></tr><tr><td><a href=\"https://loinc.org/18842-5/\">18842-5</a></td><td>Propouštěcí zpráva</td></tr><tr><td><a href=\"https://loinc.org/11488-4/\">11488-4</a></td><td>Konsiliární zpráva</td></tr><tr><td><a href=\"https://loinc.org/11506-3/\">11506-3</a></td><td>Průběžná zpráva</td></tr><tr><td><a href=\"https://loinc.org/67851-6/\">67851-6</a></td><td>Vstupní vyšetření</td></tr><tr><td><a href=\"https://loinc.org/11504-8/\">11504-8</a></td><td>Operační protokol</td></tr><tr><td><a href=\"https://loinc.org/60591-5/\">60591-5</a></td><td>Pacientský souhrn</td></tr><tr><td><a href=\"https://loinc.org/67781-5/\">67781-5</a></td><td>Zpráva o vyšetření či ošetření</td></tr><tr><td><a href=\"https://loinc.org/34133-9/\">34133-9</a></td><td>Souhrn poskytnuté péče</td></tr><tr><td><a href=\"https://loinc.org/51848-0/\">51848-0</a></td><td>Lékařský posudek</td></tr><tr><td><a href=\"https://loinc.org/67796-3/\">67796-3</a></td><td>Záznam o výjezdu</td></tr><tr><td><a href=\"https://loinc.org/18743-5/\">18743-5</a></td><td>Pitevní protokol</td></tr><tr><td><a href=\"https://loinc.org/34748-4/\">34748-4</a></td><td>Zpráva o telekonzultaci</td></tr><tr><td><a href=\"https://loinc.org/74207-2/\">74207-2</a></td><td>Souhrn pre-hospitalizační péče</td></tr></table></li></ul></div>"
  },
  "url" : "https://ncez.mzcr.cz/terminology/ValueSet/medical-document-type",
  "version" : "0.2.0",
  "name" : "MedicalDocumentType",
  "title" : "Typy lékařské dokumentace",
  "status" : "draft",
  "experimental" : false,
  "date" : "2025-11-19T19:13:45.314486Z",
  "publisher" : "HL7 Czech Republic",
  "contact" : [{
    "name" : "HL7 Czech Republic",
    "telecom" : [{
      "system" : "url",
      "value" : "https://www.hl7.cz/"
    }]
  }],
  "description" : "Číselník typů medicínských dokumentů.",
  "jurisdiction" : [{
    "coding" : [{
      "system" : "urn:iso:std:iso:3166",
      "code" : "CZ",
      "display" : "Czechia"
    }]
  }],
  "copyright" : "This material contains content from LOINC (http://loinc.org). LOINC is copyright © 1995-2020, Regenstrief Institute, Inc. and the Logical Observation Identifiers Names and Codes (LOINC) Committee and is available at no cost under the license at http://loinc.org/license. LOINC® is a registered United States trademark of Regenstrief Institute, Inc",
  "compose" : {
    "include" : [{
      "system" : "http://loinc.org",
      "concept" : [{
        "code" : "18842-5",
        "display" : "Propouštěcí zpráva"
      },
      {
        "code" : "11488-4",
        "display" : "Konsiliární zpráva"
      },
      {
        "code" : "11506-3",
        "display" : "Průběžná zpráva"
      },
      {
        "code" : "67851-6",
        "display" : "Vstupní vyšetření"
      },
      {
        "code" : "11504-8",
        "display" : "Operační protokol"
      },
      {
        "code" : "60591-5",
        "display" : "Pacientský souhrn"
      },
      {
        "code" : "67781-5",
        "display" : "Zpráva o vyšetření či ošetření"
      },
      {
        "code" : "34133-9",
        "display" : "Souhrn poskytnuté péče"
      },
      {
        "code" : "51848-0",
        "display" : "Lékařský posudek"
      },
      {
        "code" : "67796-3",
        "display" : "Záznam o výjezdu"
      },
      {
        "code" : "18743-5",
        "display" : "Pitevní protokol"
      },
      {
        "code" : "34748-4",
        "display" : "Zpráva o telekonzultaci"
      },
      {
        "code" : "74207-2",
        "display" : "Souhrn pre-hospitalizační péče"
      }]
    }]
  }
}