{
  "resourceType" : "ValueSet",
  "id" : "passport-NS",
  "language" : "cs",
  "text" : {
    "status" : "generated",
    "div" : "<div xml:lang=\"cs\" xmlns=\"http://www.w3.org/1999/xhtml\" lang=\"cs\"><p class=\"res-header-id\"><b>Generated Narrative: ValueSet passport-NS</b></p><a name=\"passport-NS\"> </a><a name=\"hcpassport-NS\"> </a><div style=\"display: inline-block; background-color: #d9e0e7; padding: 6px; margin: 4px; border: 1px solid #8da1b4; border-radius: 5px; line-height: 60%\"><p style=\"margin-bottom: 0px\">Language: cs</p></div><ul><li>Include these codes as defined in <code>urn:ietf:rfc:3986</code><span title=\"Version is not explicitly stated. No matching Code System found\"> version Not Stated (use latest from terminology server)</span><table class=\"none\"><tr><td style=\"white-space:nowrap\"><b>Code</b></td><td><b>Display</b></td></tr><tr><td>http://terminology.hl7.org/NamingSystem/passportNumNS-AFG</td><td>Pas: Afghánistán</td></tr><tr><td>http://terminology.hl7.org/NamingSystem/passportNumNS-ALB</td><td>Pas: Albánie</td></tr><tr><td>http://terminology.hl7.org/NamingSystem/passportNumNS-DZA</td><td>Pas: Alžírsko</td></tr><tr><td>http://terminology.hl7.org/NamingSystem/passportNumNS-ASM</td><td>Pas: Americká Samoa</td></tr><tr><td>http://terminology.hl7.org/NamingSystem/passportNumNS-AND</td><td>Pas: Andorra</td></tr><tr><td>http://terminology.hl7.org/NamingSystem/passportNumNS-AGO</td><td>Pas: Angola</td></tr><tr><td>http://terminology.hl7.org/NamingSystem/passportNumNS-AIA</td><td>Pas: Anguilla</td></tr><tr><td>http://terminology.hl7.org/NamingSystem/passportNumNS-ATA</td><td>Pas: Antarktida</td></tr><tr><td>http://terminology.hl7.org/NamingSystem/passportNumNS-ATG</td><td>Pas: Antigua a Barbuda</td></tr><tr><td>http://terminology.hl7.org/NamingSystem/passportNumNS-ARG</td><td>Pas: Argentina</td></tr><tr><td>http://terminology.hl7.org/NamingSystem/passportNumNS-ARM</td><td>Pas: Arménie</td></tr><tr><td>http://terminology.hl7.org/NamingSystem/passportNumNS-ABW</td><td>Pas: Aruba</td></tr><tr><td>http://terminology.hl7.org/NamingSystem/passportNumNS-AUS</td><td>Pas: Austrálie</td></tr><tr><td>http://terminology.hl7.org/NamingSystem/passportNumNS-AUT</td><td>Pas: Rakousko</td></tr><tr><td>http://terminology.hl7.org/NamingSystem/passportNumNS-AZE</td><td>Pas: Ázerbájdžán</td></tr><tr><td>http://terminology.hl7.org/NamingSystem/passportNumNS-BHS</td><td>Pas: Bahamy</td></tr><tr><td>http://terminology.hl7.org/NamingSystem/passportNumNS-BHR</td><td>Pas: Bahrajn</td></tr><tr><td>http://terminology.hl7.org/NamingSystem/passportNumNS-BGD</td><td>Pas: Bangladéš</td></tr><tr><td>http://terminology.hl7.org/NamingSystem/passportNumNS-BRB</td><td>Pas: Barbados</td></tr><tr><td>http://terminology.hl7.org/NamingSystem/passportNumNS-BLR</td><td>Pas: Bělorusko</td></tr><tr><td>http://terminology.hl7.org/NamingSystem/passportNumNS-BEL</td><td>Pas: Belgie</td></tr><tr><td>http://terminology.hl7.org/NamingSystem/passportNumNS-BLZ</td><td>Pas: Belize</td></tr><tr><td>http://terminology.hl7.org/NamingSystem/passportNumNS-BEN</td><td>Pas: Benin</td></tr><tr><td>http://terminology.hl7.org/NamingSystem/passportNumNS-BMU</td><td>Pas: Bermudy</td></tr><tr><td>http://terminology.hl7.org/NamingSystem/passportNumNS-BTN</td><td>Pas: Bhútán</td></tr><tr><td>http://terminology.hl7.org/NamingSystem/passportNumNS-BOL</td><td>Pas: Bolívie</td></tr><tr><td>http://terminology.hl7.org/NamingSystem/passportNumNS-BES</td><td>Pas: Bonaire, Svatý Eustach a Saba</td></tr><tr><td>http://terminology.hl7.org/NamingSystem/passportNumNS-BIH</td><td>Pas: Bosna a Hercegovina</td></tr><tr><td>http://terminology.hl7.org/NamingSystem/passportNumNS-BWA</td><td>Pas: Botswana</td></tr><tr><td>http://terminology.hl7.org/NamingSystem/passportNumNS-BVT</td><td>Pas: Bouvetův ostrov</td></tr><tr><td>http://terminology.hl7.org/NamingSystem/passportNumNS-BRA</td><td>Pas: Brazílie</td></tr><tr><td>http://terminology.hl7.org/NamingSystem/passportNumNS-IOT</td><td>Pas: Britské indickooceánské území</td></tr><tr><td>http://terminology.hl7.org/NamingSystem/passportNumNS-BRN</td><td>Pas: Brunej</td></tr><tr><td>http://terminology.hl7.org/NamingSystem/passportNumNS-BGR</td><td>Pas: Bulharsko</td></tr><tr><td>http://terminology.hl7.org/NamingSystem/passportNumNS-BFA</td><td>Pas: Burkina Faso</td></tr><tr><td>http://terminology.hl7.org/NamingSystem/passportNumNS-BDI</td><td>Pas: Burundi</td></tr><tr><td>http://terminology.hl7.org/NamingSystem/passportNumNS-CPV</td><td>Pas: Burundi</td></tr><tr><td>http://terminology.hl7.org/NamingSystem/passportNumNS-KHM</td><td>Pas: Kambodža</td></tr><tr><td>http://terminology.hl7.org/NamingSystem/passportNumNS-CMR</td><td>Pas: Kamerun</td></tr><tr><td>http://terminology.hl7.org/NamingSystem/passportNumNS-CAN</td><td>Pas: Kanada</td></tr><tr><td>http://terminology.hl7.org/NamingSystem/passportNumNS-CYM</td><td>Pas: Kajmanské ostrovy</td></tr><tr><td>http://terminology.hl7.org/NamingSystem/passportNumNS-CAF</td><td>Pas: Středoafrická republika</td></tr><tr><td>http://terminology.hl7.org/NamingSystem/passportNumNS-TCD</td><td>Pas: Čad</td></tr><tr><td>http://terminology.hl7.org/NamingSystem/passportNumNS-CHL</td><td>Pas: Chile</td></tr><tr><td>http://terminology.hl7.org/NamingSystem/passportNumNS-CHN</td><td>Pas: Čína</td></tr><tr><td>http://terminology.hl7.org/NamingSystem/passportNumNS-CXR</td><td>Pas: Vánoční ostrov</td></tr><tr><td>http://terminology.hl7.org/NamingSystem/passportNumNS-CCK</td><td>Pas: Kokosové (Keelingovy) ostrovy</td></tr><tr><td>http://terminology.hl7.org/NamingSystem/passportNumNS-COL</td><td>Pas: Kolumbie</td></tr><tr><td>http://terminology.hl7.org/NamingSystem/passportNumNS-COM</td><td>Pas: Komory</td></tr><tr><td>http://terminology.hl7.org/NamingSystem/passportNumNS-COD</td><td>Pas: Konžská republika</td></tr><tr><td>http://terminology.hl7.org/NamingSystem/passportNumNS-COG</td><td>Pas: Konžská republika</td></tr><tr><td>http://terminology.hl7.org/NamingSystem/passportNumNS-COK</td><td>Pas: Cookovy ostrovy</td></tr><tr><td>http://terminology.hl7.org/NamingSystem/passportNumNS-CRI</td><td>Pas: Kostarika</td></tr><tr><td>http://terminology.hl7.org/NamingSystem/passportNumNS-HRV</td><td>Pas: Chorvatsko</td></tr><tr><td>http://terminology.hl7.org/NamingSystem/passportNumNS-CUB</td><td>Pas: Kuba</td></tr><tr><td>http://terminology.hl7.org/NamingSystem/passportNumNS-CUW</td><td>Pas: Curaçao</td></tr><tr><td>http://terminology.hl7.org/NamingSystem/passportNumNS-CYP</td><td>Pas: Kypr</td></tr><tr><td>http://terminology.hl7.org/NamingSystem/passportNumNS-CZE</td><td>Pas: Česko</td></tr><tr><td>http://terminology.hl7.org/NamingSystem/passportNumNS-CIV</td><td>Pas: Pobřeží slonoviny</td></tr><tr><td>http://terminology.hl7.org/NamingSystem/passportNumNS-DNK</td><td>Pas: Dánsko</td></tr><tr><td>http://terminology.hl7.org/NamingSystem/passportNumNS-DJI</td><td>Pas: Džibutsko</td></tr><tr><td>http://terminology.hl7.org/NamingSystem/passportNumNS-DMA</td><td>Pas: Dominika</td></tr><tr><td>http://terminology.hl7.org/NamingSystem/passportNumNS-DOM</td><td>Pas: Dominikánská republika</td></tr><tr><td>http://terminology.hl7.org/NamingSystem/passportNumNS-ECU</td><td>Pas: Ekvádor</td></tr><tr><td>http://terminology.hl7.org/NamingSystem/passportNumNS-EGY</td><td>Pas: Egypt</td></tr><tr><td>http://terminology.hl7.org/NamingSystem/passportNumNS-SLV</td><td>Pas: Salvador</td></tr><tr><td>http://terminology.hl7.org/NamingSystem/passportNumNS-GNQ</td><td>Pas: Rovníková Guinea</td></tr><tr><td>http://terminology.hl7.org/NamingSystem/passportNumNS-ERI</td><td>Pas: Eritrea</td></tr><tr><td>http://terminology.hl7.org/NamingSystem/passportNumNS-EST</td><td>Pas: Estonsko</td></tr><tr><td>http://terminology.hl7.org/NamingSystem/passportNumNS-SWZ</td><td>Pas: Estonsko</td></tr><tr><td>http://terminology.hl7.org/NamingSystem/passportNumNS-ETH</td><td>Pas: Etiopie</td></tr><tr><td>http://terminology.hl7.org/NamingSystem/passportNumNS-FLK</td><td>Pas: Falklandy</td></tr><tr><td>http://terminology.hl7.org/NamingSystem/passportNumNS-FRO</td><td>Pas: Faerské ostrovy</td></tr><tr><td>http://terminology.hl7.org/NamingSystem/passportNumNS-FJI</td><td>Pas: Fidži</td></tr><tr><td>http://terminology.hl7.org/NamingSystem/passportNumNS-FIN</td><td>Pas: Finsko</td></tr><tr><td>http://terminology.hl7.org/NamingSystem/passportNumNS-FRA</td><td>Pas: Francie</td></tr><tr><td>http://terminology.hl7.org/NamingSystem/passportNumNS-GUF</td><td>Pas: Francouzská Guyana</td></tr><tr><td>http://terminology.hl7.org/NamingSystem/passportNumNS-PYF</td><td>Pas: Francouzská Polynésie</td></tr><tr><td>http://terminology.hl7.org/NamingSystem/passportNumNS-ATF</td><td>Pas: Francouzská jižní a antarktická území</td></tr><tr><td>http://terminology.hl7.org/NamingSystem/passportNumNS-GAB</td><td>Pas: Gabon</td></tr><tr><td>http://terminology.hl7.org/NamingSystem/passportNumNS-GMB</td><td>Pas: Gambie</td></tr><tr><td>http://terminology.hl7.org/NamingSystem/passportNumNS-GEO</td><td>Pas: Gruzie</td></tr><tr><td>http://terminology.hl7.org/NamingSystem/passportNumNS-DEU</td><td>Pas: Německo</td></tr><tr><td>http://terminology.hl7.org/NamingSystem/passportNumNS-GHA</td><td>Pas: Ghana</td></tr><tr><td>http://terminology.hl7.org/NamingSystem/passportNumNS-GIB</td><td>Pas: Gibraltar</td></tr><tr><td>http://terminology.hl7.org/NamingSystem/passportNumNS-GRC</td><td>Pas: Řecko</td></tr><tr><td>http://terminology.hl7.org/NamingSystem/passportNumNS-GRL</td><td>Pas: Grónsko</td></tr><tr><td>http://terminology.hl7.org/NamingSystem/passportNumNS-GRD</td><td>Pas: Grenada</td></tr><tr><td>http://terminology.hl7.org/NamingSystem/passportNumNS-GLP</td><td>Pas: Guadeloupe</td></tr><tr><td>http://terminology.hl7.org/NamingSystem/passportNumNS-GUM</td><td>Pas: Guam</td></tr><tr><td>http://terminology.hl7.org/NamingSystem/passportNumNS-GTM</td><td>Pas: Guatemala</td></tr><tr><td>http://terminology.hl7.org/NamingSystem/passportNumNS-GGY</td><td>Pas: Guernsey</td></tr><tr><td>http://terminology.hl7.org/NamingSystem/passportNumNS-GIN</td><td>Pas: Guinea</td></tr><tr><td>http://terminology.hl7.org/NamingSystem/passportNumNS-GNB</td><td>Pas: Guinea-Bissau</td></tr><tr><td>http://terminology.hl7.org/NamingSystem/passportNumNS-GUY</td><td>Pas: Guyana</td></tr><tr><td>http://terminology.hl7.org/NamingSystem/passportNumNS-HTI</td><td>Pas: Haiti</td></tr><tr><td>http://terminology.hl7.org/NamingSystem/passportNumNS-HMD</td><td>Pas: Heardův ostrov a MacDonaldovy ostrovy</td></tr><tr><td>http://terminology.hl7.org/NamingSystem/passportNumNS-VAT</td><td>Pas: Vatikán</td></tr><tr><td>http://terminology.hl7.org/NamingSystem/passportNumNS-HND</td><td>Pas: Honduras</td></tr><tr><td>http://terminology.hl7.org/NamingSystem/passportNumNS-HKG</td><td>Pas: Hongkong</td></tr><tr><td>http://terminology.hl7.org/NamingSystem/passportNumNS-HUN</td><td>Pas: Maďarsko</td></tr><tr><td>http://terminology.hl7.org/NamingSystem/passportNumNS-ISL</td><td>Pas: Island</td></tr><tr><td>http://terminology.hl7.org/NamingSystem/passportNumNS-IND</td><td>Pas: Indie</td></tr><tr><td>http://terminology.hl7.org/NamingSystem/passportNumNS-IDN</td><td>Pas: Indonésie</td></tr><tr><td>http://terminology.hl7.org/NamingSystem/passportNumNS-IRN</td><td>Pas: Írán</td></tr><tr><td>http://terminology.hl7.org/NamingSystem/passportNumNS-IRQ</td><td>Pas: Irák</td></tr><tr><td>http://terminology.hl7.org/NamingSystem/passportNumNS-IRL</td><td>Pas: Irsko</td></tr><tr><td>http://terminology.hl7.org/NamingSystem/passportNumNS-IMN</td><td>Pas: Man</td></tr><tr><td>http://terminology.hl7.org/NamingSystem/passportNumNS-ISR</td><td>Pas: Izrael</td></tr><tr><td>http://terminology.hl7.org/NamingSystem/passportNumNS-ITA</td><td>Pas: Itálie</td></tr><tr><td>http://terminology.hl7.org/NamingSystem/passportNumNS-JAM</td><td>Pas: Jamajka</td></tr><tr><td>http://terminology.hl7.org/NamingSystem/passportNumNS-JPN</td><td>Pas: Japonsko</td></tr><tr><td>http://terminology.hl7.org/NamingSystem/passportNumNS-JEY</td><td>Pas: Jersey</td></tr><tr><td>http://terminology.hl7.org/NamingSystem/passportNumNS-JOR</td><td>Pas: Jordánsko</td></tr><tr><td>http://terminology.hl7.org/NamingSystem/passportNumNS-KAZ</td><td>Pas: Kazachstán</td></tr><tr><td>http://terminology.hl7.org/NamingSystem/passportNumNS-KEN</td><td>Pas: Keňa</td></tr><tr><td>http://terminology.hl7.org/NamingSystem/passportNumNS-KIR</td><td>Pas: Kiribati</td></tr><tr><td>http://terminology.hl7.org/NamingSystem/passportNumNS-PRK</td><td>Pas: Korejská lidově demokratická republika</td></tr><tr><td>http://terminology.hl7.org/NamingSystem/passportNumNS-KOR</td><td>Pas: Korejská lidově demokratická republika</td></tr><tr><td>http://terminology.hl7.org/NamingSystem/passportNumNS-KWT</td><td>Pas: Kuvajt</td></tr><tr><td>http://terminology.hl7.org/NamingSystem/passportNumNS-KGZ</td><td>Pas: Kyrgyzstán</td></tr><tr><td>http://terminology.hl7.org/NamingSystem/passportNumNS-LAO</td><td>Pas: Laos</td></tr><tr><td>http://terminology.hl7.org/NamingSystem/passportNumNS-LVA</td><td>Pas: Lotyšsko</td></tr><tr><td>http://terminology.hl7.org/NamingSystem/passportNumNS-LBN</td><td>Pas: Libanon</td></tr><tr><td>http://terminology.hl7.org/NamingSystem/passportNumNS-LSO</td><td>Pas: Lesotho</td></tr><tr><td>http://terminology.hl7.org/NamingSystem/passportNumNS-LBR</td><td>Pas: Libérie</td></tr><tr><td>http://terminology.hl7.org/NamingSystem/passportNumNS-LBY</td><td>Pas: Libye</td></tr><tr><td>http://terminology.hl7.org/NamingSystem/passportNumNS-LIE</td><td>Pas: Lichtenštejnsko</td></tr><tr><td>http://terminology.hl7.org/NamingSystem/passportNumNS-LTU</td><td>Pas: Litva</td></tr><tr><td>http://terminology.hl7.org/NamingSystem/passportNumNS-LUX</td><td>Pas: Lucembursko</td></tr><tr><td>http://terminology.hl7.org/NamingSystem/passportNumNS-MAC</td><td>Pas: Macao</td></tr><tr><td>http://terminology.hl7.org/NamingSystem/passportNumNS-MDG</td><td>Pas: Madagaskar</td></tr><tr><td>http://terminology.hl7.org/NamingSystem/passportNumNS-MWI</td><td>Pas: Malawi</td></tr><tr><td>http://terminology.hl7.org/NamingSystem/passportNumNS-MYS</td><td>Pas: Malajsie</td></tr><tr><td>http://terminology.hl7.org/NamingSystem/passportNumNS-MDV</td><td>Pas: Maledivy</td></tr><tr><td>http://terminology.hl7.org/NamingSystem/passportNumNS-MLI</td><td>Pas: Mali</td></tr><tr><td>http://terminology.hl7.org/NamingSystem/passportNumNS-MLT</td><td>Pas: Malta</td></tr><tr><td>http://terminology.hl7.org/NamingSystem/passportNumNS-MHL</td><td>Pas: Marshallovy ostrovy</td></tr><tr><td>http://terminology.hl7.org/NamingSystem/passportNumNS-MTQ</td><td>Pas: Martinik</td></tr><tr><td>http://terminology.hl7.org/NamingSystem/passportNumNS-MRT</td><td>Pas: Mauritánie</td></tr><tr><td>http://terminology.hl7.org/NamingSystem/passportNumNS-MUS</td><td>Pas: Mauricius</td></tr><tr><td>http://terminology.hl7.org/NamingSystem/passportNumNS-MYT</td><td>Pas: Mayotte</td></tr><tr><td>http://terminology.hl7.org/NamingSystem/passportNumNS-MEX</td><td>Pas: Mexiko</td></tr><tr><td>http://terminology.hl7.org/NamingSystem/passportNumNS-FSM</td><td>Pas: Mikronésie</td></tr><tr><td>http://terminology.hl7.org/NamingSystem/passportNumNS-MDA</td><td>Pas: Mikronésie</td></tr><tr><td>http://terminology.hl7.org/NamingSystem/passportNumNS-MCO</td><td>Pas: Monako</td></tr><tr><td>http://terminology.hl7.org/NamingSystem/passportNumNS-MNG</td><td>Pas: Mongolsko</td></tr><tr><td>http://terminology.hl7.org/NamingSystem/passportNumNS-MNE</td><td>Pas: Černá Hora</td></tr><tr><td>http://terminology.hl7.org/NamingSystem/passportNumNS-MSR</td><td>Pas: Montserrat</td></tr><tr><td>http://terminology.hl7.org/NamingSystem/passportNumNS-MAR</td><td>Pas: Maroko</td></tr><tr><td>http://terminology.hl7.org/NamingSystem/passportNumNS-MOZ</td><td>Pas: Mosambik</td></tr><tr><td>http://terminology.hl7.org/NamingSystem/passportNumNS-MMR</td><td>Pas: Myanmar</td></tr><tr><td>http://terminology.hl7.org/NamingSystem/passportNumNS-NAM</td><td>Pas: Namibie</td></tr><tr><td>http://terminology.hl7.org/NamingSystem/passportNumNS-NRU</td><td>Pas: Nauru</td></tr><tr><td>http://terminology.hl7.org/NamingSystem/passportNumNS-NPL</td><td>Pas: Nepál</td></tr><tr><td>http://terminology.hl7.org/NamingSystem/passportNumNS-NLD</td><td>Pas: Nizozemsko</td></tr><tr><td>http://terminology.hl7.org/NamingSystem/passportNumNS-NCL</td><td>Pas: Nová Kaledonie</td></tr><tr><td>http://terminology.hl7.org/NamingSystem/passportNumNS-NZL</td><td>Pas: Nový Zéland</td></tr><tr><td>http://terminology.hl7.org/NamingSystem/passportNumNS-NIC</td><td>Pas: Nikaragua</td></tr><tr><td>http://terminology.hl7.org/NamingSystem/passportNumNS-NER</td><td>Pas: Niger</td></tr><tr><td>http://terminology.hl7.org/NamingSystem/passportNumNS-NGA</td><td>Pas: Nigérie</td></tr><tr><td>http://terminology.hl7.org/NamingSystem/passportNumNS-NIU</td><td>Pas: Niue</td></tr><tr><td>http://terminology.hl7.org/NamingSystem/passportNumNS-NFK</td><td>Pas: Norfolk</td></tr><tr><td>http://terminology.hl7.org/NamingSystem/passportNumNS-MKD</td><td>Pas: Norfolk</td></tr><tr><td>http://terminology.hl7.org/NamingSystem/passportNumNS-MNP</td><td>Pas: Severní Mariany</td></tr><tr><td>http://terminology.hl7.org/NamingSystem/passportNumNS-NOR</td><td>Pas: Norsko</td></tr><tr><td>http://terminology.hl7.org/NamingSystem/passportNumNS-OMN</td><td>Pas: Omán</td></tr><tr><td>http://terminology.hl7.org/NamingSystem/passportNumNS-PAK</td><td>Pas: Pákistán</td></tr><tr><td>http://terminology.hl7.org/NamingSystem/passportNumNS-PLW</td><td>Pas: Palau</td></tr><tr><td>http://terminology.hl7.org/NamingSystem/passportNumNS-PSE</td><td>Pas: Palestina</td></tr><tr><td>http://terminology.hl7.org/NamingSystem/passportNumNS-PAN</td><td>Pas: Panama</td></tr><tr><td>http://terminology.hl7.org/NamingSystem/passportNumNS-PNG</td><td>Pas: Papua Nová Guinea</td></tr><tr><td>http://terminology.hl7.org/NamingSystem/passportNumNS-PRY</td><td>Pas: Paraguay</td></tr><tr><td>http://terminology.hl7.org/NamingSystem/passportNumNS-PER</td><td>Pas: Peru</td></tr><tr><td>http://terminology.hl7.org/NamingSystem/passportNumNS-PHL</td><td>Pas: Filipíny</td></tr><tr><td>http://terminology.hl7.org/NamingSystem/passportNumNS-PCN</td><td>Pas: Pitcairn</td></tr><tr><td>http://terminology.hl7.org/NamingSystem/passportNumNS-POL</td><td>Pas: Polsko</td></tr><tr><td>http://terminology.hl7.org/NamingSystem/passportNumNS-PRT</td><td>Pas: Portugalsko</td></tr><tr><td>http://terminology.hl7.org/NamingSystem/passportNumNS-PRI</td><td>Pas: Portoriko</td></tr><tr><td>http://terminology.hl7.org/NamingSystem/passportNumNS-QAT</td><td>Pas: Katar</td></tr><tr><td>http://terminology.hl7.org/NamingSystem/passportNumNS-ROU</td><td>Pas: Rumunsko</td></tr><tr><td>http://terminology.hl7.org/NamingSystem/passportNumNS-RUS</td><td>Pas: Rusko</td></tr><tr><td>http://terminology.hl7.org/NamingSystem/passportNumNS-RWA</td><td>Pas: Rwanda</td></tr><tr><td>http://terminology.hl7.org/NamingSystem/passportNumNS-REU</td><td>Pas: Réunion</td></tr><tr><td>http://terminology.hl7.org/NamingSystem/passportNumNS-BLM</td><td>Pas: Svatý Bartoloměj</td></tr><tr><td>http://terminology.hl7.org/NamingSystem/passportNumNS-SHN</td><td>Pas: Svatá Helena</td></tr><tr><td>http://terminology.hl7.org/NamingSystem/passportNumNS-KNA</td><td>Pas: Svatý Kryštof a Nevis</td></tr><tr><td>http://terminology.hl7.org/NamingSystem/passportNumNS-LCA</td><td>Pas: Svatá Lucie</td></tr><tr><td>http://terminology.hl7.org/NamingSystem/passportNumNS-MAF</td><td>Pas: Svatý Martin (FR)</td></tr><tr><td>http://terminology.hl7.org/NamingSystem/passportNumNS-SPM</td><td>Pas: Saint Pierre a Miquelon</td></tr><tr><td>http://terminology.hl7.org/NamingSystem/passportNumNS-VCT</td><td>Pas: Svatý Vincenc a Grenadiny</td></tr><tr><td>http://terminology.hl7.org/NamingSystem/passportNumNS-WSM</td><td>Pas: Samoa</td></tr><tr><td>http://terminology.hl7.org/NamingSystem/passportNumNS-SMR</td><td>Pas: San Marino</td></tr><tr><td>http://terminology.hl7.org/NamingSystem/passportNumNS-STP</td><td>Pas: Svatý Tomáš a Princův ostrov</td></tr><tr><td>http://terminology.hl7.org/NamingSystem/passportNumNS-SAU</td><td>Pas: Saúdská Arábie</td></tr><tr><td>http://terminology.hl7.org/NamingSystem/passportNumNS-SEN</td><td>Pas: Senegal</td></tr><tr><td>http://terminology.hl7.org/NamingSystem/passportNumNS-SRB</td><td>Pas: Srbsko</td></tr><tr><td>http://terminology.hl7.org/NamingSystem/passportNumNS-SYC</td><td>Pas: Seychely</td></tr><tr><td>http://terminology.hl7.org/NamingSystem/passportNumNS-SLE</td><td>Pas: Sierra Leone</td></tr><tr><td>http://terminology.hl7.org/NamingSystem/passportNumNS-SGP</td><td>Pas: Singapur</td></tr><tr><td>http://terminology.hl7.org/NamingSystem/passportNumNS-SXM</td><td>Pas: Svatý Martin (NL)</td></tr><tr><td>http://terminology.hl7.org/NamingSystem/passportNumNS-SVK</td><td>Pas: Slovensko</td></tr><tr><td>http://terminology.hl7.org/NamingSystem/passportNumNS-SVN</td><td>Pas: Slovinsko</td></tr><tr><td>http://terminology.hl7.org/NamingSystem/passportNumNS-SLB</td><td>Pas: Šalomounovy ostrovy</td></tr><tr><td>http://terminology.hl7.org/NamingSystem/passportNumNS-SOM</td><td>Pas: Somálsko</td></tr><tr><td>http://terminology.hl7.org/NamingSystem/passportNumNS-ZAF</td><td>Pas: Jižní Afrika</td></tr><tr><td>http://terminology.hl7.org/NamingSystem/passportNumNS-SGS</td><td>Pas: Jižní Georgie a Jižní Sandwichovy ostrovy</td></tr><tr><td>http://terminology.hl7.org/NamingSystem/passportNumNS-SSD</td><td>Pas: Jižní Súdán</td></tr><tr><td>http://terminology.hl7.org/NamingSystem/passportNumNS-ESP</td><td>Pas: Španělsko</td></tr><tr><td>http://terminology.hl7.org/NamingSystem/passportNumNS-LKA</td><td>Pas: Šrí Lanka</td></tr><tr><td>http://terminology.hl7.org/NamingSystem/passportNumNS-SDN</td><td>Pas: Súdán</td></tr><tr><td>http://terminology.hl7.org/NamingSystem/passportNumNS-SUR</td><td>Pas: Surinam</td></tr><tr><td>http://terminology.hl7.org/NamingSystem/passportNumNS-SJM</td><td>Pas: Špicberky a Jan Mayen</td></tr><tr><td>http://terminology.hl7.org/NamingSystem/passportNumNS-SWE</td><td>Pas: Švédsko</td></tr><tr><td>http://terminology.hl7.org/NamingSystem/passportNumNS-CHE</td><td>Pas: Švýcarsko</td></tr><tr><td>http://terminology.hl7.org/NamingSystem/passportNumNS-SYR</td><td>Pas: Sýrie</td></tr><tr><td>http://terminology.hl7.org/NamingSystem/passportNumNS-TWN</td><td>Pas: Sýrie</td></tr><tr><td>http://terminology.hl7.org/NamingSystem/passportNumNS-TJK</td><td>Pas: Tádžikistán</td></tr><tr><td>http://terminology.hl7.org/NamingSystem/passportNumNS-TZA</td><td>Pas: Tádžikistán</td></tr><tr><td>http://terminology.hl7.org/NamingSystem/passportNumNS-THA</td><td>Pas: Thajsko</td></tr><tr><td>http://terminology.hl7.org/NamingSystem/passportNumNS-TLS</td><td>Pas: Východní Timor</td></tr><tr><td>http://terminology.hl7.org/NamingSystem/passportNumNS-TGO</td><td>Pas: Togo</td></tr><tr><td>http://terminology.hl7.org/NamingSystem/passportNumNS-TKL</td><td>Pas: Tokelau</td></tr><tr><td>http://terminology.hl7.org/NamingSystem/passportNumNS-TON</td><td>Pas: Tonga</td></tr><tr><td>http://terminology.hl7.org/NamingSystem/passportNumNS-TTO</td><td>Pas: Trinidad a Tobago</td></tr><tr><td>http://terminology.hl7.org/NamingSystem/passportNumNS-TUN</td><td>Pas: Tunisko</td></tr><tr><td>http://terminology.hl7.org/NamingSystem/passportNumNS-TKM</td><td>Pas: Turkmenistán</td></tr><tr><td>http://terminology.hl7.org/NamingSystem/passportNumNS-TCA</td><td>Pas: Turks a Caicos</td></tr><tr><td>http://terminology.hl7.org/NamingSystem/passportNumNS-TUV</td><td>Pas: Tuvalu</td></tr><tr><td>http://terminology.hl7.org/NamingSystem/passportNumNS-TUR</td><td>Pas: Turecko</td></tr><tr><td>http://terminology.hl7.org/NamingSystem/passportNumNS-UGA</td><td>Pas: Uganda</td></tr><tr><td>http://terminology.hl7.org/NamingSystem/passportNumNS-UKR</td><td>Pas: Ukrajina</td></tr><tr><td>http://terminology.hl7.org/NamingSystem/passportNumNS-ARE</td><td>Pas: Spojené arabské emiráty</td></tr><tr><td>http://terminology.hl7.org/NamingSystem/passportNumNS-GBR</td><td>Pas: Velká Británie</td></tr><tr><td>http://terminology.hl7.org/NamingSystem/passportNumNS-UMI</td><td>Pas: Menší odlehlé ostrovy USA</td></tr><tr><td>http://terminology.hl7.org/NamingSystem/passportNumNS-USA</td><td>Pas: Spojené státy</td></tr><tr><td>http://terminology.hl7.org/NamingSystem/passportNumNS-URY</td><td>Pas: Uruguay</td></tr><tr><td>http://terminology.hl7.org/NamingSystem/passportNumNS-UZB</td><td>Pas: Uzbekistán</td></tr><tr><td>http://terminology.hl7.org/NamingSystem/passportNumNS-VUT</td><td>Pas: Vanuatu</td></tr><tr><td>http://terminology.hl7.org/NamingSystem/passportNumNS-VEN</td><td>Pas: Venezuela</td></tr><tr><td>http://terminology.hl7.org/NamingSystem/passportNumNS-VNM</td><td>Pas: Vietnam</td></tr><tr><td>http://terminology.hl7.org/NamingSystem/passportNumNS-VGB</td><td>Pas: Vietnam</td></tr><tr><td>http://terminology.hl7.org/NamingSystem/passportNumNS-VIR</td><td>Pas: Vietnam</td></tr><tr><td>http://terminology.hl7.org/NamingSystem/passportNumNS-WLF</td><td>Pas: Wallis a Futuna</td></tr><tr><td>http://terminology.hl7.org/NamingSystem/passportNumNS-ESH</td><td>Pas: Západní Sahara</td></tr><tr><td>http://terminology.hl7.org/NamingSystem/passportNumNS-YEM</td><td>Pas: Jemen</td></tr><tr><td>http://terminology.hl7.org/NamingSystem/passportNumNS-ZMB</td><td>Pas: Zambie</td></tr><tr><td>http://terminology.hl7.org/NamingSystem/passportNumNS-ZWE</td><td>Pas: Zimbabwe</td></tr><tr><td>http://terminology.hl7.org/NamingSystem/passportNumNS-ALA</td><td>Pas: Alandy</td></tr></table></li></ul></div>"
  },
  "extension" : [{
    "url" : "http://hl7.org/fhir/StructureDefinition/structuredefinition-fmm",
    "valueInteger" : 1
  },
  {
    "url" : "http://hl7.org/fhir/StructureDefinition/structuredefinition-standards-status",
    "valueCode" : "draft"
  }],
  "url" : "https://hl7.cz/terminology/ValueSet/passport-NS",
  "version" : "0.2.0",
  "name" : "PassportNSVS",
  "title" : "Standard namespaces for passports",
  "status" : "draft",
  "experimental" : false,
  "date" : "2023-01-01",
  "publisher" : "HL7 Czech Republic",
  "contact" : [{
    "name" : "HL7 Czech Republic",
    "telecom" : [{
      "system" : "url",
      "value" : "https://www.hl7.cz/"
    }]
  }],
  "description" : "Číselník jmenných prostorů pro pasy. (Passport namespaces.)",
  "jurisdiction" : [{
    "coding" : [{
      "system" : "urn:iso:std:iso:3166",
      "code" : "CZ",
      "display" : "Czechia"
    }]
  }],
  "compose" : {
    "include" : [{
      "system" : "urn:ietf:rfc:3986",
      "concept" : [{
        "code" : "http://terminology.hl7.org/NamingSystem/passportNumNS-AFG",
        "display" : "Pas: Afghánistán"
      },
      {
        "code" : "http://terminology.hl7.org/NamingSystem/passportNumNS-ALB",
        "display" : "Pas: Albánie"
      },
      {
        "code" : "http://terminology.hl7.org/NamingSystem/passportNumNS-DZA",
        "display" : "Pas: Alžírsko"
      },
      {
        "code" : "http://terminology.hl7.org/NamingSystem/passportNumNS-ASM",
        "display" : "Pas: Americká Samoa"
      },
      {
        "code" : "http://terminology.hl7.org/NamingSystem/passportNumNS-AND",
        "display" : "Pas: Andorra"
      },
      {
        "code" : "http://terminology.hl7.org/NamingSystem/passportNumNS-AGO",
        "display" : "Pas: Angola"
      },
      {
        "code" : "http://terminology.hl7.org/NamingSystem/passportNumNS-AIA",
        "display" : "Pas: Anguilla"
      },
      {
        "code" : "http://terminology.hl7.org/NamingSystem/passportNumNS-ATA",
        "display" : "Pas: Antarktida"
      },
      {
        "code" : "http://terminology.hl7.org/NamingSystem/passportNumNS-ATG",
        "display" : "Pas: Antigua a Barbuda"
      },
      {
        "code" : "http://terminology.hl7.org/NamingSystem/passportNumNS-ARG",
        "display" : "Pas: Argentina"
      },
      {
        "code" : "http://terminology.hl7.org/NamingSystem/passportNumNS-ARM",
        "display" : "Pas: Arménie"
      },
      {
        "code" : "http://terminology.hl7.org/NamingSystem/passportNumNS-ABW",
        "display" : "Pas: Aruba"
      },
      {
        "code" : "http://terminology.hl7.org/NamingSystem/passportNumNS-AUS",
        "display" : "Pas: Austrálie"
      },
      {
        "code" : "http://terminology.hl7.org/NamingSystem/passportNumNS-AUT",
        "display" : "Pas: Rakousko"
      },
      {
        "code" : "http://terminology.hl7.org/NamingSystem/passportNumNS-AZE",
        "display" : "Pas: Ázerbájdžán"
      },
      {
        "code" : "http://terminology.hl7.org/NamingSystem/passportNumNS-BHS",
        "display" : "Pas: Bahamy"
      },
      {
        "code" : "http://terminology.hl7.org/NamingSystem/passportNumNS-BHR",
        "display" : "Pas: Bahrajn"
      },
      {
        "code" : "http://terminology.hl7.org/NamingSystem/passportNumNS-BGD",
        "display" : "Pas: Bangladéš"
      },
      {
        "code" : "http://terminology.hl7.org/NamingSystem/passportNumNS-BRB",
        "display" : "Pas: Barbados"
      },
      {
        "code" : "http://terminology.hl7.org/NamingSystem/passportNumNS-BLR",
        "display" : "Pas: Bělorusko"
      },
      {
        "code" : "http://terminology.hl7.org/NamingSystem/passportNumNS-BEL",
        "display" : "Pas: Belgie"
      },
      {
        "code" : "http://terminology.hl7.org/NamingSystem/passportNumNS-BLZ",
        "display" : "Pas: Belize"
      },
      {
        "code" : "http://terminology.hl7.org/NamingSystem/passportNumNS-BEN",
        "display" : "Pas: Benin"
      },
      {
        "code" : "http://terminology.hl7.org/NamingSystem/passportNumNS-BMU",
        "display" : "Pas: Bermudy"
      },
      {
        "code" : "http://terminology.hl7.org/NamingSystem/passportNumNS-BTN",
        "display" : "Pas: Bhútán"
      },
      {
        "code" : "http://terminology.hl7.org/NamingSystem/passportNumNS-BOL",
        "display" : "Pas: Bolívie"
      },
      {
        "code" : "http://terminology.hl7.org/NamingSystem/passportNumNS-BES",
        "display" : "Pas: Bonaire, Svatý Eustach a Saba"
      },
      {
        "code" : "http://terminology.hl7.org/NamingSystem/passportNumNS-BIH",
        "display" : "Pas: Bosna a Hercegovina"
      },
      {
        "code" : "http://terminology.hl7.org/NamingSystem/passportNumNS-BWA",
        "display" : "Pas: Botswana"
      },
      {
        "code" : "http://terminology.hl7.org/NamingSystem/passportNumNS-BVT",
        "display" : "Pas: Bouvetův ostrov"
      },
      {
        "code" : "http://terminology.hl7.org/NamingSystem/passportNumNS-BRA",
        "display" : "Pas: Brazílie"
      },
      {
        "code" : "http://terminology.hl7.org/NamingSystem/passportNumNS-IOT",
        "display" : "Pas: Britské indickooceánské území"
      },
      {
        "code" : "http://terminology.hl7.org/NamingSystem/passportNumNS-BRN",
        "display" : "Pas: Brunej"
      },
      {
        "code" : "http://terminology.hl7.org/NamingSystem/passportNumNS-BGR",
        "display" : "Pas: Bulharsko"
      },
      {
        "code" : "http://terminology.hl7.org/NamingSystem/passportNumNS-BFA",
        "display" : "Pas: Burkina Faso"
      },
      {
        "code" : "http://terminology.hl7.org/NamingSystem/passportNumNS-BDI",
        "display" : "Pas: Burundi"
      },
      {
        "code" : "http://terminology.hl7.org/NamingSystem/passportNumNS-CPV",
        "display" : "Pas: Burundi"
      },
      {
        "code" : "http://terminology.hl7.org/NamingSystem/passportNumNS-KHM",
        "display" : "Pas: Kambodža"
      },
      {
        "code" : "http://terminology.hl7.org/NamingSystem/passportNumNS-CMR",
        "display" : "Pas: Kamerun"
      },
      {
        "code" : "http://terminology.hl7.org/NamingSystem/passportNumNS-CAN",
        "display" : "Pas: Kanada"
      },
      {
        "code" : "http://terminology.hl7.org/NamingSystem/passportNumNS-CYM",
        "display" : "Pas: Kajmanské ostrovy"
      },
      {
        "code" : "http://terminology.hl7.org/NamingSystem/passportNumNS-CAF",
        "display" : "Pas: Středoafrická republika"
      },
      {
        "code" : "http://terminology.hl7.org/NamingSystem/passportNumNS-TCD",
        "display" : "Pas: Čad"
      },
      {
        "code" : "http://terminology.hl7.org/NamingSystem/passportNumNS-CHL",
        "display" : "Pas: Chile"
      },
      {
        "code" : "http://terminology.hl7.org/NamingSystem/passportNumNS-CHN",
        "display" : "Pas: Čína"
      },
      {
        "code" : "http://terminology.hl7.org/NamingSystem/passportNumNS-CXR",
        "display" : "Pas: Vánoční ostrov"
      },
      {
        "code" : "http://terminology.hl7.org/NamingSystem/passportNumNS-CCK",
        "display" : "Pas: Kokosové (Keelingovy) ostrovy"
      },
      {
        "code" : "http://terminology.hl7.org/NamingSystem/passportNumNS-COL",
        "display" : "Pas: Kolumbie"
      },
      {
        "code" : "http://terminology.hl7.org/NamingSystem/passportNumNS-COM",
        "display" : "Pas: Komory"
      },
      {
        "code" : "http://terminology.hl7.org/NamingSystem/passportNumNS-COD",
        "display" : "Pas: Konžská republika"
      },
      {
        "code" : "http://terminology.hl7.org/NamingSystem/passportNumNS-COG",
        "display" : "Pas: Konžská republika"
      },
      {
        "code" : "http://terminology.hl7.org/NamingSystem/passportNumNS-COK",
        "display" : "Pas: Cookovy ostrovy"
      },
      {
        "code" : "http://terminology.hl7.org/NamingSystem/passportNumNS-CRI",
        "display" : "Pas: Kostarika"
      },
      {
        "code" : "http://terminology.hl7.org/NamingSystem/passportNumNS-HRV",
        "display" : "Pas: Chorvatsko"
      },
      {
        "code" : "http://terminology.hl7.org/NamingSystem/passportNumNS-CUB",
        "display" : "Pas: Kuba"
      },
      {
        "code" : "http://terminology.hl7.org/NamingSystem/passportNumNS-CUW",
        "display" : "Pas: Curaçao"
      },
      {
        "code" : "http://terminology.hl7.org/NamingSystem/passportNumNS-CYP",
        "display" : "Pas: Kypr"
      },
      {
        "code" : "http://terminology.hl7.org/NamingSystem/passportNumNS-CZE",
        "display" : "Pas: Česko"
      },
      {
        "code" : "http://terminology.hl7.org/NamingSystem/passportNumNS-CIV",
        "display" : "Pas: Pobřeží slonoviny"
      },
      {
        "code" : "http://terminology.hl7.org/NamingSystem/passportNumNS-DNK",
        "display" : "Pas: Dánsko"
      },
      {
        "code" : "http://terminology.hl7.org/NamingSystem/passportNumNS-DJI",
        "display" : "Pas: Džibutsko"
      },
      {
        "code" : "http://terminology.hl7.org/NamingSystem/passportNumNS-DMA",
        "display" : "Pas: Dominika"
      },
      {
        "code" : "http://terminology.hl7.org/NamingSystem/passportNumNS-DOM",
        "display" : "Pas: Dominikánská republika"
      },
      {
        "code" : "http://terminology.hl7.org/NamingSystem/passportNumNS-ECU",
        "display" : "Pas: Ekvádor"
      },
      {
        "code" : "http://terminology.hl7.org/NamingSystem/passportNumNS-EGY",
        "display" : "Pas: Egypt"
      },
      {
        "code" : "http://terminology.hl7.org/NamingSystem/passportNumNS-SLV",
        "display" : "Pas: Salvador"
      },
      {
        "code" : "http://terminology.hl7.org/NamingSystem/passportNumNS-GNQ",
        "display" : "Pas: Rovníková Guinea"
      },
      {
        "code" : "http://terminology.hl7.org/NamingSystem/passportNumNS-ERI",
        "display" : "Pas: Eritrea"
      },
      {
        "code" : "http://terminology.hl7.org/NamingSystem/passportNumNS-EST",
        "display" : "Pas: Estonsko"
      },
      {
        "code" : "http://terminology.hl7.org/NamingSystem/passportNumNS-SWZ",
        "display" : "Pas: Estonsko"
      },
      {
        "code" : "http://terminology.hl7.org/NamingSystem/passportNumNS-ETH",
        "display" : "Pas: Etiopie"
      },
      {
        "code" : "http://terminology.hl7.org/NamingSystem/passportNumNS-FLK",
        "display" : "Pas: Falklandy"
      },
      {
        "code" : "http://terminology.hl7.org/NamingSystem/passportNumNS-FRO",
        "display" : "Pas: Faerské ostrovy"
      },
      {
        "code" : "http://terminology.hl7.org/NamingSystem/passportNumNS-FJI",
        "display" : "Pas: Fidži"
      },
      {
        "code" : "http://terminology.hl7.org/NamingSystem/passportNumNS-FIN",
        "display" : "Pas: Finsko"
      },
      {
        "code" : "http://terminology.hl7.org/NamingSystem/passportNumNS-FRA",
        "display" : "Pas: Francie"
      },
      {
        "code" : "http://terminology.hl7.org/NamingSystem/passportNumNS-GUF",
        "display" : "Pas: Francouzská Guyana"
      },
      {
        "code" : "http://terminology.hl7.org/NamingSystem/passportNumNS-PYF",
        "display" : "Pas: Francouzská Polynésie"
      },
      {
        "code" : "http://terminology.hl7.org/NamingSystem/passportNumNS-ATF",
        "display" : "Pas: Francouzská jižní a antarktická území"
      },
      {
        "code" : "http://terminology.hl7.org/NamingSystem/passportNumNS-GAB",
        "display" : "Pas: Gabon"
      },
      {
        "code" : "http://terminology.hl7.org/NamingSystem/passportNumNS-GMB",
        "display" : "Pas: Gambie"
      },
      {
        "code" : "http://terminology.hl7.org/NamingSystem/passportNumNS-GEO",
        "display" : "Pas: Gruzie"
      },
      {
        "code" : "http://terminology.hl7.org/NamingSystem/passportNumNS-DEU",
        "display" : "Pas: Německo"
      },
      {
        "code" : "http://terminology.hl7.org/NamingSystem/passportNumNS-GHA",
        "display" : "Pas: Ghana"
      },
      {
        "code" : "http://terminology.hl7.org/NamingSystem/passportNumNS-GIB",
        "display" : "Pas: Gibraltar"
      },
      {
        "code" : "http://terminology.hl7.org/NamingSystem/passportNumNS-GRC",
        "display" : "Pas: Řecko"
      },
      {
        "code" : "http://terminology.hl7.org/NamingSystem/passportNumNS-GRL",
        "display" : "Pas: Grónsko"
      },
      {
        "code" : "http://terminology.hl7.org/NamingSystem/passportNumNS-GRD",
        "display" : "Pas: Grenada"
      },
      {
        "code" : "http://terminology.hl7.org/NamingSystem/passportNumNS-GLP",
        "display" : "Pas: Guadeloupe"
      },
      {
        "code" : "http://terminology.hl7.org/NamingSystem/passportNumNS-GUM",
        "display" : "Pas: Guam"
      },
      {
        "code" : "http://terminology.hl7.org/NamingSystem/passportNumNS-GTM",
        "display" : "Pas: Guatemala"
      },
      {
        "code" : "http://terminology.hl7.org/NamingSystem/passportNumNS-GGY",
        "display" : "Pas: Guernsey"
      },
      {
        "code" : "http://terminology.hl7.org/NamingSystem/passportNumNS-GIN",
        "display" : "Pas: Guinea"
      },
      {
        "code" : "http://terminology.hl7.org/NamingSystem/passportNumNS-GNB",
        "display" : "Pas: Guinea-Bissau"
      },
      {
        "code" : "http://terminology.hl7.org/NamingSystem/passportNumNS-GUY",
        "display" : "Pas: Guyana"
      },
      {
        "code" : "http://terminology.hl7.org/NamingSystem/passportNumNS-HTI",
        "display" : "Pas: Haiti"
      },
      {
        "code" : "http://terminology.hl7.org/NamingSystem/passportNumNS-HMD",
        "display" : "Pas: Heardův ostrov a MacDonaldovy ostrovy"
      },
      {
        "code" : "http://terminology.hl7.org/NamingSystem/passportNumNS-VAT",
        "display" : "Pas: Vatikán"
      },
      {
        "code" : "http://terminology.hl7.org/NamingSystem/passportNumNS-HND",
        "display" : "Pas: Honduras"
      },
      {
        "code" : "http://terminology.hl7.org/NamingSystem/passportNumNS-HKG",
        "display" : "Pas: Hongkong"
      },
      {
        "code" : "http://terminology.hl7.org/NamingSystem/passportNumNS-HUN",
        "display" : "Pas: Maďarsko"
      },
      {
        "code" : "http://terminology.hl7.org/NamingSystem/passportNumNS-ISL",
        "display" : "Pas: Island"
      },
      {
        "code" : "http://terminology.hl7.org/NamingSystem/passportNumNS-IND",
        "display" : "Pas: Indie"
      },
      {
        "code" : "http://terminology.hl7.org/NamingSystem/passportNumNS-IDN",
        "display" : "Pas: Indonésie"
      },
      {
        "code" : "http://terminology.hl7.org/NamingSystem/passportNumNS-IRN",
        "display" : "Pas: Írán"
      },
      {
        "code" : "http://terminology.hl7.org/NamingSystem/passportNumNS-IRQ",
        "display" : "Pas: Irák"
      },
      {
        "code" : "http://terminology.hl7.org/NamingSystem/passportNumNS-IRL",
        "display" : "Pas: Irsko"
      },
      {
        "code" : "http://terminology.hl7.org/NamingSystem/passportNumNS-IMN",
        "display" : "Pas: Man"
      },
      {
        "code" : "http://terminology.hl7.org/NamingSystem/passportNumNS-ISR",
        "display" : "Pas: Izrael"
      },
      {
        "code" : "http://terminology.hl7.org/NamingSystem/passportNumNS-ITA",
        "display" : "Pas: Itálie"
      },
      {
        "code" : "http://terminology.hl7.org/NamingSystem/passportNumNS-JAM",
        "display" : "Pas: Jamajka"
      },
      {
        "code" : "http://terminology.hl7.org/NamingSystem/passportNumNS-JPN",
        "display" : "Pas: Japonsko"
      },
      {
        "code" : "http://terminology.hl7.org/NamingSystem/passportNumNS-JEY",
        "display" : "Pas: Jersey"
      },
      {
        "code" : "http://terminology.hl7.org/NamingSystem/passportNumNS-JOR",
        "display" : "Pas: Jordánsko"
      },
      {
        "code" : "http://terminology.hl7.org/NamingSystem/passportNumNS-KAZ",
        "display" : "Pas: Kazachstán"
      },
      {
        "code" : "http://terminology.hl7.org/NamingSystem/passportNumNS-KEN",
        "display" : "Pas: Keňa"
      },
      {
        "code" : "http://terminology.hl7.org/NamingSystem/passportNumNS-KIR",
        "display" : "Pas: Kiribati"
      },
      {
        "code" : "http://terminology.hl7.org/NamingSystem/passportNumNS-PRK",
        "display" : "Pas: Korejská lidově demokratická republika"
      },
      {
        "code" : "http://terminology.hl7.org/NamingSystem/passportNumNS-KOR",
        "display" : "Pas: Korejská lidově demokratická republika"
      },
      {
        "code" : "http://terminology.hl7.org/NamingSystem/passportNumNS-KWT",
        "display" : "Pas: Kuvajt"
      },
      {
        "code" : "http://terminology.hl7.org/NamingSystem/passportNumNS-KGZ",
        "display" : "Pas: Kyrgyzstán"
      },
      {
        "code" : "http://terminology.hl7.org/NamingSystem/passportNumNS-LAO",
        "display" : "Pas: Laos"
      },
      {
        "code" : "http://terminology.hl7.org/NamingSystem/passportNumNS-LVA",
        "display" : "Pas: Lotyšsko"
      },
      {
        "code" : "http://terminology.hl7.org/NamingSystem/passportNumNS-LBN",
        "display" : "Pas: Libanon"
      },
      {
        "code" : "http://terminology.hl7.org/NamingSystem/passportNumNS-LSO",
        "display" : "Pas: Lesotho"
      },
      {
        "code" : "http://terminology.hl7.org/NamingSystem/passportNumNS-LBR",
        "display" : "Pas: Libérie"
      },
      {
        "code" : "http://terminology.hl7.org/NamingSystem/passportNumNS-LBY",
        "display" : "Pas: Libye"
      },
      {
        "code" : "http://terminology.hl7.org/NamingSystem/passportNumNS-LIE",
        "display" : "Pas: Lichtenštejnsko"
      },
      {
        "code" : "http://terminology.hl7.org/NamingSystem/passportNumNS-LTU",
        "display" : "Pas: Litva"
      },
      {
        "code" : "http://terminology.hl7.org/NamingSystem/passportNumNS-LUX",
        "display" : "Pas: Lucembursko"
      },
      {
        "code" : "http://terminology.hl7.org/NamingSystem/passportNumNS-MAC",
        "display" : "Pas: Macao"
      },
      {
        "code" : "http://terminology.hl7.org/NamingSystem/passportNumNS-MDG",
        "display" : "Pas: Madagaskar"
      },
      {
        "code" : "http://terminology.hl7.org/NamingSystem/passportNumNS-MWI",
        "display" : "Pas: Malawi"
      },
      {
        "code" : "http://terminology.hl7.org/NamingSystem/passportNumNS-MYS",
        "display" : "Pas: Malajsie"
      },
      {
        "code" : "http://terminology.hl7.org/NamingSystem/passportNumNS-MDV",
        "display" : "Pas: Maledivy"
      },
      {
        "code" : "http://terminology.hl7.org/NamingSystem/passportNumNS-MLI",
        "display" : "Pas: Mali"
      },
      {
        "code" : "http://terminology.hl7.org/NamingSystem/passportNumNS-MLT",
        "display" : "Pas: Malta"
      },
      {
        "code" : "http://terminology.hl7.org/NamingSystem/passportNumNS-MHL",
        "display" : "Pas: Marshallovy ostrovy"
      },
      {
        "code" : "http://terminology.hl7.org/NamingSystem/passportNumNS-MTQ",
        "display" : "Pas: Martinik"
      },
      {
        "code" : "http://terminology.hl7.org/NamingSystem/passportNumNS-MRT",
        "display" : "Pas: Mauritánie"
      },
      {
        "code" : "http://terminology.hl7.org/NamingSystem/passportNumNS-MUS",
        "display" : "Pas: Mauricius"
      },
      {
        "code" : "http://terminology.hl7.org/NamingSystem/passportNumNS-MYT",
        "display" : "Pas: Mayotte"
      },
      {
        "code" : "http://terminology.hl7.org/NamingSystem/passportNumNS-MEX",
        "display" : "Pas: Mexiko"
      },
      {
        "code" : "http://terminology.hl7.org/NamingSystem/passportNumNS-FSM",
        "display" : "Pas: Mikronésie"
      },
      {
        "code" : "http://terminology.hl7.org/NamingSystem/passportNumNS-MDA",
        "display" : "Pas: Mikronésie"
      },
      {
        "code" : "http://terminology.hl7.org/NamingSystem/passportNumNS-MCO",
        "display" : "Pas: Monako"
      },
      {
        "code" : "http://terminology.hl7.org/NamingSystem/passportNumNS-MNG",
        "display" : "Pas: Mongolsko"
      },
      {
        "code" : "http://terminology.hl7.org/NamingSystem/passportNumNS-MNE",
        "display" : "Pas: Černá Hora"
      },
      {
        "code" : "http://terminology.hl7.org/NamingSystem/passportNumNS-MSR",
        "display" : "Pas: Montserrat"
      },
      {
        "code" : "http://terminology.hl7.org/NamingSystem/passportNumNS-MAR",
        "display" : "Pas: Maroko"
      },
      {
        "code" : "http://terminology.hl7.org/NamingSystem/passportNumNS-MOZ",
        "display" : "Pas: Mosambik"
      },
      {
        "code" : "http://terminology.hl7.org/NamingSystem/passportNumNS-MMR",
        "display" : "Pas: Myanmar"
      },
      {
        "code" : "http://terminology.hl7.org/NamingSystem/passportNumNS-NAM",
        "display" : "Pas: Namibie"
      },
      {
        "code" : "http://terminology.hl7.org/NamingSystem/passportNumNS-NRU",
        "display" : "Pas: Nauru"
      },
      {
        "code" : "http://terminology.hl7.org/NamingSystem/passportNumNS-NPL",
        "display" : "Pas: Nepál"
      },
      {
        "code" : "http://terminology.hl7.org/NamingSystem/passportNumNS-NLD",
        "display" : "Pas: Nizozemsko"
      },
      {
        "code" : "http://terminology.hl7.org/NamingSystem/passportNumNS-NCL",
        "display" : "Pas: Nová Kaledonie"
      },
      {
        "code" : "http://terminology.hl7.org/NamingSystem/passportNumNS-NZL",
        "display" : "Pas: Nový Zéland"
      },
      {
        "code" : "http://terminology.hl7.org/NamingSystem/passportNumNS-NIC",
        "display" : "Pas: Nikaragua"
      },
      {
        "code" : "http://terminology.hl7.org/NamingSystem/passportNumNS-NER",
        "display" : "Pas: Niger"
      },
      {
        "code" : "http://terminology.hl7.org/NamingSystem/passportNumNS-NGA",
        "display" : "Pas: Nigérie"
      },
      {
        "code" : "http://terminology.hl7.org/NamingSystem/passportNumNS-NIU",
        "display" : "Pas: Niue"
      },
      {
        "code" : "http://terminology.hl7.org/NamingSystem/passportNumNS-NFK",
        "display" : "Pas: Norfolk"
      },
      {
        "code" : "http://terminology.hl7.org/NamingSystem/passportNumNS-MKD",
        "display" : "Pas: Norfolk"
      },
      {
        "code" : "http://terminology.hl7.org/NamingSystem/passportNumNS-MNP",
        "display" : "Pas: Severní Mariany"
      },
      {
        "code" : "http://terminology.hl7.org/NamingSystem/passportNumNS-NOR",
        "display" : "Pas: Norsko"
      },
      {
        "code" : "http://terminology.hl7.org/NamingSystem/passportNumNS-OMN",
        "display" : "Pas: Omán"
      },
      {
        "code" : "http://terminology.hl7.org/NamingSystem/passportNumNS-PAK",
        "display" : "Pas: Pákistán"
      },
      {
        "code" : "http://terminology.hl7.org/NamingSystem/passportNumNS-PLW",
        "display" : "Pas: Palau"
      },
      {
        "code" : "http://terminology.hl7.org/NamingSystem/passportNumNS-PSE",
        "display" : "Pas: Palestina"
      },
      {
        "code" : "http://terminology.hl7.org/NamingSystem/passportNumNS-PAN",
        "display" : "Pas: Panama"
      },
      {
        "code" : "http://terminology.hl7.org/NamingSystem/passportNumNS-PNG",
        "display" : "Pas: Papua Nová Guinea"
      },
      {
        "code" : "http://terminology.hl7.org/NamingSystem/passportNumNS-PRY",
        "display" : "Pas: Paraguay"
      },
      {
        "code" : "http://terminology.hl7.org/NamingSystem/passportNumNS-PER",
        "display" : "Pas: Peru"
      },
      {
        "code" : "http://terminology.hl7.org/NamingSystem/passportNumNS-PHL",
        "display" : "Pas: Filipíny"
      },
      {
        "code" : "http://terminology.hl7.org/NamingSystem/passportNumNS-PCN",
        "display" : "Pas: Pitcairn"
      },
      {
        "code" : "http://terminology.hl7.org/NamingSystem/passportNumNS-POL",
        "display" : "Pas: Polsko"
      },
      {
        "code" : "http://terminology.hl7.org/NamingSystem/passportNumNS-PRT",
        "display" : "Pas: Portugalsko"
      },
      {
        "code" : "http://terminology.hl7.org/NamingSystem/passportNumNS-PRI",
        "display" : "Pas: Portoriko"
      },
      {
        "code" : "http://terminology.hl7.org/NamingSystem/passportNumNS-QAT",
        "display" : "Pas: Katar"
      },
      {
        "code" : "http://terminology.hl7.org/NamingSystem/passportNumNS-ROU",
        "display" : "Pas: Rumunsko"
      },
      {
        "code" : "http://terminology.hl7.org/NamingSystem/passportNumNS-RUS",
        "display" : "Pas: Rusko"
      },
      {
        "code" : "http://terminology.hl7.org/NamingSystem/passportNumNS-RWA",
        "display" : "Pas: Rwanda"
      },
      {
        "code" : "http://terminology.hl7.org/NamingSystem/passportNumNS-REU",
        "display" : "Pas: Réunion"
      },
      {
        "code" : "http://terminology.hl7.org/NamingSystem/passportNumNS-BLM",
        "display" : "Pas: Svatý Bartoloměj"
      },
      {
        "code" : "http://terminology.hl7.org/NamingSystem/passportNumNS-SHN",
        "display" : "Pas: Svatá Helena"
      },
      {
        "code" : "http://terminology.hl7.org/NamingSystem/passportNumNS-KNA",
        "display" : "Pas: Svatý Kryštof a Nevis"
      },
      {
        "code" : "http://terminology.hl7.org/NamingSystem/passportNumNS-LCA",
        "display" : "Pas: Svatá Lucie"
      },
      {
        "code" : "http://terminology.hl7.org/NamingSystem/passportNumNS-MAF",
        "display" : "Pas: Svatý Martin (FR)"
      },
      {
        "code" : "http://terminology.hl7.org/NamingSystem/passportNumNS-SPM",
        "display" : "Pas: Saint Pierre a Miquelon"
      },
      {
        "code" : "http://terminology.hl7.org/NamingSystem/passportNumNS-VCT",
        "display" : "Pas: Svatý Vincenc a Grenadiny"
      },
      {
        "code" : "http://terminology.hl7.org/NamingSystem/passportNumNS-WSM",
        "display" : "Pas: Samoa"
      },
      {
        "code" : "http://terminology.hl7.org/NamingSystem/passportNumNS-SMR",
        "display" : "Pas: San Marino"
      },
      {
        "code" : "http://terminology.hl7.org/NamingSystem/passportNumNS-STP",
        "display" : "Pas: Svatý Tomáš a Princův ostrov"
      },
      {
        "code" : "http://terminology.hl7.org/NamingSystem/passportNumNS-SAU",
        "display" : "Pas: Saúdská Arábie"
      },
      {
        "code" : "http://terminology.hl7.org/NamingSystem/passportNumNS-SEN",
        "display" : "Pas: Senegal"
      },
      {
        "code" : "http://terminology.hl7.org/NamingSystem/passportNumNS-SRB",
        "display" : "Pas: Srbsko"
      },
      {
        "code" : "http://terminology.hl7.org/NamingSystem/passportNumNS-SYC",
        "display" : "Pas: Seychely"
      },
      {
        "code" : "http://terminology.hl7.org/NamingSystem/passportNumNS-SLE",
        "display" : "Pas: Sierra Leone"
      },
      {
        "code" : "http://terminology.hl7.org/NamingSystem/passportNumNS-SGP",
        "display" : "Pas: Singapur"
      },
      {
        "code" : "http://terminology.hl7.org/NamingSystem/passportNumNS-SXM",
        "display" : "Pas: Svatý Martin (NL)"
      },
      {
        "code" : "http://terminology.hl7.org/NamingSystem/passportNumNS-SVK",
        "display" : "Pas: Slovensko"
      },
      {
        "code" : "http://terminology.hl7.org/NamingSystem/passportNumNS-SVN",
        "display" : "Pas: Slovinsko"
      },
      {
        "code" : "http://terminology.hl7.org/NamingSystem/passportNumNS-SLB",
        "display" : "Pas: Šalomounovy ostrovy"
      },
      {
        "code" : "http://terminology.hl7.org/NamingSystem/passportNumNS-SOM",
        "display" : "Pas: Somálsko"
      },
      {
        "code" : "http://terminology.hl7.org/NamingSystem/passportNumNS-ZAF",
        "display" : "Pas: Jižní Afrika"
      },
      {
        "code" : "http://terminology.hl7.org/NamingSystem/passportNumNS-SGS",
        "display" : "Pas: Jižní Georgie a Jižní Sandwichovy ostrovy"
      },
      {
        "code" : "http://terminology.hl7.org/NamingSystem/passportNumNS-SSD",
        "display" : "Pas: Jižní Súdán"
      },
      {
        "code" : "http://terminology.hl7.org/NamingSystem/passportNumNS-ESP",
        "display" : "Pas: Španělsko"
      },
      {
        "code" : "http://terminology.hl7.org/NamingSystem/passportNumNS-LKA",
        "display" : "Pas: Šrí Lanka"
      },
      {
        "code" : "http://terminology.hl7.org/NamingSystem/passportNumNS-SDN",
        "display" : "Pas: Súdán"
      },
      {
        "code" : "http://terminology.hl7.org/NamingSystem/passportNumNS-SUR",
        "display" : "Pas: Surinam"
      },
      {
        "code" : "http://terminology.hl7.org/NamingSystem/passportNumNS-SJM",
        "display" : "Pas: Špicberky a Jan Mayen"
      },
      {
        "code" : "http://terminology.hl7.org/NamingSystem/passportNumNS-SWE",
        "display" : "Pas: Švédsko"
      },
      {
        "code" : "http://terminology.hl7.org/NamingSystem/passportNumNS-CHE",
        "display" : "Pas: Švýcarsko"
      },
      {
        "code" : "http://terminology.hl7.org/NamingSystem/passportNumNS-SYR",
        "display" : "Pas: Sýrie"
      },
      {
        "code" : "http://terminology.hl7.org/NamingSystem/passportNumNS-TWN",
        "display" : "Pas: Sýrie"
      },
      {
        "code" : "http://terminology.hl7.org/NamingSystem/passportNumNS-TJK",
        "display" : "Pas: Tádžikistán"
      },
      {
        "code" : "http://terminology.hl7.org/NamingSystem/passportNumNS-TZA",
        "display" : "Pas: Tádžikistán"
      },
      {
        "code" : "http://terminology.hl7.org/NamingSystem/passportNumNS-THA",
        "display" : "Pas: Thajsko"
      },
      {
        "code" : "http://terminology.hl7.org/NamingSystem/passportNumNS-TLS",
        "display" : "Pas: Východní Timor"
      },
      {
        "code" : "http://terminology.hl7.org/NamingSystem/passportNumNS-TGO",
        "display" : "Pas: Togo"
      },
      {
        "code" : "http://terminology.hl7.org/NamingSystem/passportNumNS-TKL",
        "display" : "Pas: Tokelau"
      },
      {
        "code" : "http://terminology.hl7.org/NamingSystem/passportNumNS-TON",
        "display" : "Pas: Tonga"
      },
      {
        "code" : "http://terminology.hl7.org/NamingSystem/passportNumNS-TTO",
        "display" : "Pas: Trinidad a Tobago"
      },
      {
        "code" : "http://terminology.hl7.org/NamingSystem/passportNumNS-TUN",
        "display" : "Pas: Tunisko"
      },
      {
        "code" : "http://terminology.hl7.org/NamingSystem/passportNumNS-TKM",
        "display" : "Pas: Turkmenistán"
      },
      {
        "code" : "http://terminology.hl7.org/NamingSystem/passportNumNS-TCA",
        "display" : "Pas: Turks a Caicos"
      },
      {
        "code" : "http://terminology.hl7.org/NamingSystem/passportNumNS-TUV",
        "display" : "Pas: Tuvalu"
      },
      {
        "code" : "http://terminology.hl7.org/NamingSystem/passportNumNS-TUR",
        "display" : "Pas: Turecko"
      },
      {
        "code" : "http://terminology.hl7.org/NamingSystem/passportNumNS-UGA",
        "display" : "Pas: Uganda"
      },
      {
        "code" : "http://terminology.hl7.org/NamingSystem/passportNumNS-UKR",
        "display" : "Pas: Ukrajina"
      },
      {
        "code" : "http://terminology.hl7.org/NamingSystem/passportNumNS-ARE",
        "display" : "Pas: Spojené arabské emiráty"
      },
      {
        "code" : "http://terminology.hl7.org/NamingSystem/passportNumNS-GBR",
        "display" : "Pas: Velká Británie"
      },
      {
        "code" : "http://terminology.hl7.org/NamingSystem/passportNumNS-UMI",
        "display" : "Pas: Menší odlehlé ostrovy USA"
      },
      {
        "code" : "http://terminology.hl7.org/NamingSystem/passportNumNS-USA",
        "display" : "Pas: Spojené státy"
      },
      {
        "code" : "http://terminology.hl7.org/NamingSystem/passportNumNS-URY",
        "display" : "Pas: Uruguay"
      },
      {
        "code" : "http://terminology.hl7.org/NamingSystem/passportNumNS-UZB",
        "display" : "Pas: Uzbekistán"
      },
      {
        "code" : "http://terminology.hl7.org/NamingSystem/passportNumNS-VUT",
        "display" : "Pas: Vanuatu"
      },
      {
        "code" : "http://terminology.hl7.org/NamingSystem/passportNumNS-VEN",
        "display" : "Pas: Venezuela"
      },
      {
        "code" : "http://terminology.hl7.org/NamingSystem/passportNumNS-VNM",
        "display" : "Pas: Vietnam"
      },
      {
        "code" : "http://terminology.hl7.org/NamingSystem/passportNumNS-VGB",
        "display" : "Pas: Vietnam"
      },
      {
        "code" : "http://terminology.hl7.org/NamingSystem/passportNumNS-VIR",
        "display" : "Pas: Vietnam"
      },
      {
        "code" : "http://terminology.hl7.org/NamingSystem/passportNumNS-WLF",
        "display" : "Pas: Wallis a Futuna"
      },
      {
        "code" : "http://terminology.hl7.org/NamingSystem/passportNumNS-ESH",
        "display" : "Pas: Západní Sahara"
      },
      {
        "code" : "http://terminology.hl7.org/NamingSystem/passportNumNS-YEM",
        "display" : "Pas: Jemen"
      },
      {
        "code" : "http://terminology.hl7.org/NamingSystem/passportNumNS-ZMB",
        "display" : "Pas: Zambie"
      },
      {
        "code" : "http://terminology.hl7.org/NamingSystem/passportNumNS-ZWE",
        "display" : "Pas: Zimbabwe"
      },
      {
        "code" : "http://terminology.hl7.org/NamingSystem/passportNumNS-ALA",
        "display" : "Pas: Alandy"
      }]
    }]
  }
}