<?xml version="1.0" encoding="UTF-8"?>

<ValueSet xmlns="http://hl7.org/fhir">
  <id value="eHDSIAllergenNoDrug-cz"/>
  <language value="cs"/>
  <text>
    <status value="generated"/><div xml:lang="cs" xmlns="http://www.w3.org/1999/xhtml" lang="cs"><p class="res-header-id"><b>Generated Narrative: ValueSet eHDSIAllergenNoDrug-cz</b></p><a name="eHDSIAllergenNoDrug-cz"> </a><a name="hceHDSIAllergenNoDrug-cz"> </a><div style="display: inline-block; background-color: #d9e0e7; padding: 6px; margin: 4px; border: 1px solid #8da1b4; border-radius: 5px; line-height: 60%"><p style="margin-bottom: 0px">Language: cs</p></div><ul><li>Include these codes as defined in <a href="http://www.snomed.org/"><code>http://snomed.info/sct</code></a><span title="Version is not explicitly stated. No matching Code System found"> version Not Stated (use latest from terminology server)</span><table class="none"><tr><td style="white-space:nowrap"><b>Code</b></td><td><b>Display</b></td></tr><tr><td><a href="http://snomed.info/id/432003">432003</a></td><td>kyselina karminová – barvivo (E120)</td></tr><tr><td><a href="http://snomed.info/id/2159007">2159007</a></td><td>azorubin</td></tr><tr><td><a href="http://snomed.info/id/2309006">2309006</a></td><td>zlato</td></tr><tr><td><a href="http://snomed.info/id/2799001">2799001</a></td><td>methylbenzethoniumchlorid</td></tr><tr><td><a href="http://snomed.info/id/3718001">3718001</a></td><td>kravské mléko</td></tr><tr><td><a href="http://snomed.info/id/3829006">3829006</a></td><td>železo</td></tr><tr><td><a href="http://snomed.info/id/6725000">6725000</a></td><td>methylenová modř</td></tr><tr><td><a href="http://snomed.info/id/7434003">7434003</a></td><td>erytrosin B – barvivo (E-127)</td></tr><tr><td><a href="http://snomed.info/id/8204009">8204009</a></td><td>polyester</td></tr><tr><td><a href="http://snomed.info/id/9010006">9010006</a></td><td>methylová modř</td></tr><tr><td><a href="http://snomed.info/id/9021002">9021002</a></td><td>karbaryl</td></tr><tr><td><a href="http://snomed.info/id/11526002">11526002</a></td><td>aspartam</td></tr><tr><td><a href="http://snomed.info/id/12503006">12503006</a></td><td>hliník</td></tr><tr><td><a href="http://snomed.info/id/12510000">12510000</a></td><td>eukalyptový olej</td></tr><tr><td><a href="http://snomed.info/id/13577000">13577000</a></td><td>ořech</td></tr><tr><td><a href="http://snomed.info/id/13652007">13652007</a></td><td>silikon</td></tr><tr><td><a href="http://snomed.info/id/14402002">14402002</a></td><td>dřevo</td></tr><tr><td><a href="http://snomed.info/id/16313001">16313001</a></td><td>čaj</td></tr><tr><td><a href="http://snomed.info/id/17172002">17172002</a></td><td>dibromofluorescein</td></tr><tr><td><a href="http://snomed.info/id/17486007">17486007</a></td><td>mecrylate</td></tr><tr><td><a href="http://snomed.info/id/17693003">17693003</a></td><td>akriflavin</td></tr><tr><td><a href="http://snomed.info/id/19839007">19839007</a></td><td>sorbitol</td></tr><tr><td><a href="http://snomed.info/id/19893005">19893005</a></td><td>dichroman draselný</td></tr><tr><td><a href="http://snomed.info/id/21592006">21592006</a></td><td>tartrazin</td></tr><tr><td><a href="http://snomed.info/id/22242006">22242006</a></td><td>glutaraldehyd</td></tr><tr><td><a href="http://snomed.info/id/22836000">22836000</a></td><td>zelenina</td></tr><tr><td><a href="http://snomed.info/id/22931006">22931006</a></td><td>Evansova modř</td></tr><tr><td><a href="http://snomed.info/id/24102007">24102007</a></td><td>chlorthalonil</td></tr><tr><td><a href="http://snomed.info/id/24215009">24215009</a></td><td>kyselina pikrová</td></tr><tr><td><a href="http://snomed.info/id/25761002">25761002</a></td><td>glutamin</td></tr><tr><td><a href="http://snomed.info/id/27119002">27119002</a></td><td>trimelitický anhydrid</td></tr><tr><td><a href="http://snomed.info/id/28230009">28230009</a></td><td>drůbeží maso</td></tr><tr><td><a href="http://snomed.info/id/28421003">28421003</a></td><td>kyselina sorbová</td></tr><tr><td><a href="http://snomed.info/id/28647000">28647000</a></td><td>maso</td></tr><tr><td><a href="http://snomed.info/id/29263009">29263009</a></td><td>káva</td></tr><tr><td><a href="http://snomed.info/id/29522004">29522004</a></td><td>tolonium chlorid</td></tr><tr><td><a href="http://snomed.info/id/31006001">31006001</a></td><td>říše Plantae (rostliny)</td></tr><tr><td><a href="http://snomed.info/id/31347007">31347007</a></td><td>lékořice</td></tr><tr><td><a href="http://snomed.info/id/33008008">33008008</a></td><td>prach</td></tr><tr><td><a href="http://snomed.info/id/33396006">33396006</a></td><td>nikl</td></tr><tr><td><a href="http://snomed.info/id/35605007">35605007</a></td><td>lanolin bezvodý</td></tr><tr><td><a href="http://snomed.info/id/35609001">35609001</a></td><td>azofloxin</td></tr><tr><td><a href="http://snomed.info/id/37017009">37017009</a></td><td>parazitičtí červi</td></tr><tr><td><a href="http://snomed.info/id/37575004">37575004</a></td><td>karmoisin A (E122)</td></tr><tr><td><a href="http://snomed.info/id/38271009">38271009</a></td><td>šafránová žluť;</td></tr><tr><td><a href="http://snomed.info/id/41750006">41750006</a></td><td>brazilein</td></tr><tr><td><a href="http://snomed.info/id/41967008">41967008</a></td><td>stříbro</td></tr><tr><td><a href="http://snomed.info/id/42416001">42416001</a></td><td>lanolin</td></tr><tr><td><a href="http://snomed.info/id/43230003">43230003</a></td><td>guma</td></tr><tr><td><a href="http://snomed.info/id/43735007">43735007</a></td><td>síra</td></tr><tr><td><a href="http://snomed.info/id/44027008">44027008</a></td><td>potrava z mořských živočichů (mořské plody)</td></tr><tr><td><a href="http://snomed.info/id/47703008">47703008</a></td><td>laktóza</td></tr><tr><td><a href="http://snomed.info/id/48540004">48540004</a></td><td>patentní modř V, sodná sůl (E131)</td></tr><tr><td><a href="http://snomed.info/id/50593009">50593009</a></td><td>kasein</td></tr><tr><td><a href="http://snomed.info/id/51503008">51503008</a></td><td>růžový olej</td></tr><tr><td><a href="http://snomed.info/id/51905005">51905005</a></td><td>hořčice</td></tr><tr><td><a href="http://snomed.info/id/51963001">51963001</a></td><td>sulfitová sůl</td></tr><tr><td><a href="http://snomed.info/id/52454007">52454007</a></td><td>albumin</td></tr><tr><td><a href="http://snomed.info/id/52836003">52836003</a></td><td>paraformaldehyd</td></tr><tr><td><a href="http://snomed.info/id/54041009">54041009</a></td><td>světlicový olej</td></tr><tr><td><a href="http://snomed.info/id/56822005">56822005</a></td><td>kvartérní amoniová sůl</td></tr><tr><td><a href="http://snomed.info/id/57126000">57126000</a></td><td>lepidlo</td></tr><tr><td><a href="http://snomed.info/id/57720001">57720001</a></td><td>anýzový olej</td></tr><tr><td><a href="http://snomed.info/id/59351004">59351004</a></td><td>citrát</td></tr><tr><td><a href="http://snomed.info/id/59533004">59533004</a></td><td>potravinové aditivum</td></tr><tr><td><a href="http://snomed.info/id/59545008">59545008</a></td><td>pesticid</td></tr><tr><td><a href="http://snomed.info/id/61088005">61088005</a></td><td>plast</td></tr><tr><td><a href="http://snomed.info/id/61789006">61789006</a></td><td>barvivo</td></tr><tr><td><a href="http://snomed.info/id/63338004">63338004</a></td><td>dochucovadlo léčiv</td></tr><tr><td><a href="http://snomed.info/id/64601002">64601002</a></td><td>dřevěný prach</td></tr><tr><td><a href="http://snomed.info/id/65123005">65123005</a></td><td>cholin</td></tr><tr><td><a href="http://snomed.info/id/65345002">65345002</a></td><td>epoxidová pryskyřice</td></tr><tr><td><a href="http://snomed.info/id/66562002">66562002</a></td><td>cigaretový tabák</td></tr><tr><td><a href="http://snomed.info/id/66925006">66925006</a></td><td>měď</td></tr><tr><td><a href="http://snomed.info/id/67324005">67324005</a></td><td>rýže</td></tr><tr><td><a href="http://snomed.info/id/68524009">68524009</a></td><td>tragant</td></tr><tr><td><a href="http://snomed.info/id/71463006">71463006</a></td><td>polyethylen</td></tr><tr><td><a href="http://snomed.info/id/72179002">72179002</a></td><td>oxybenzon</td></tr><tr><td><a href="http://snomed.info/id/72511004">72511004</a></td><td>ovoce</td></tr><tr><td><a href="http://snomed.info/id/75044009">75044009</a></td><td>sisalové vlákno</td></tr><tr><td><a href="http://snomed.info/id/75665004">75665004</a></td><td>glutamát sodný</td></tr><tr><td><a href="http://snomed.info/id/80237000">80237000</a></td><td>kakaové máslo</td></tr><tr><td><a href="http://snomed.info/id/81911001">81911001</a></td><td>žvýkací tabák</td></tr><tr><td><a href="http://snomed.info/id/82566005">82566005</a></td><td>krmivo</td></tr><tr><td><a href="http://snomed.info/id/83595008">83595008</a></td><td>kozí mléko</td></tr><tr><td><a href="http://snomed.info/id/83619009">83619009</a></td><td>polyvinylalkohol</td></tr><tr><td><a href="http://snomed.info/id/84212004">84212004</a></td><td>ethylenimin</td></tr><tr><td><a href="http://snomed.info/id/84791008">84791008</a></td><td>disiřičitan sodný</td></tr><tr><td><a href="http://snomed.info/id/89889006">89889006</a></td><td>bavlněné vlákno</td></tr><tr><td><a href="http://snomed.info/id/102259006">102259006</a></td><td>citrusové ovoce</td></tr><tr><td><a href="http://snomed.info/id/102261002">102261002</a></td><td>jahoda</td></tr><tr><td><a href="http://snomed.info/id/102262009">102262009</a></td><td>čokoláda</td></tr><tr><td><a href="http://snomed.info/id/102263004">102263004</a></td><td>vejce</td></tr><tr><td><a href="http://snomed.info/id/102264005">102264005</a></td><td>sýr</td></tr><tr><td><a href="http://snomed.info/id/102697003">102697003</a></td><td>laktalbumin</td></tr><tr><td><a href="http://snomed.info/id/105590001">105590001</a></td><td>látka</td></tr><tr><td><a href="http://snomed.info/id/111095003">111095003</a></td><td>formaldehyd</td></tr><tr><td><a href="http://snomed.info/id/115589000">115589000</a></td><td>ethanolamin</td></tr><tr><td><a href="http://snomed.info/id/116364004">116364004</a></td><td>diazoniová sůl</td></tr><tr><td><a href="http://snomed.info/id/116549003">116549003</a></td><td>organochlorinový pesticid</td></tr><tr><td><a href="http://snomed.info/id/116637007">116637007</a></td><td>houbový antigen</td></tr><tr><td><a href="http://snomed.info/id/119417004">119417004</a></td><td>organofosfátový insekticid</td></tr><tr><td><a href="http://snomed.info/id/128488006">128488006</a></td><td>domácí prach</td></tr><tr><td><a href="http://snomed.info/id/226491003">226491003</a></td><td>jablečná šťáva, jablečný mošt</td></tr><tr><td><a href="http://snomed.info/id/226723006">226723006</a></td><td>pohanka - obilovina</td></tr><tr><td><a href="http://snomed.info/id/226776001">226776001</a></td><td>sušené kravské mléko</td></tr><tr><td><a href="http://snomed.info/id/226791004">226791004</a></td><td>ovčí mléko</td></tr><tr><td><a href="http://snomed.info/id/226915003">226915003</a></td><td>červené maso</td></tr><tr><td><a href="http://snomed.info/id/226916002">226916002</a></td><td>hovězí maso</td></tr><tr><td><a href="http://snomed.info/id/226942002">226942002</a></td><td>jehněčí</td></tr><tr><td><a href="http://snomed.info/id/226955001">226955001</a></td><td>kuřecí maso</td></tr><tr><td><a href="http://snomed.info/id/226963000">226963000</a></td><td>kachní maso</td></tr><tr><td><a href="http://snomed.info/id/226967004">226967004</a></td><td>krůtí maso</td></tr><tr><td><a href="http://snomed.info/id/227067008">227067008</a></td><td>halibut</td></tr><tr><td><a href="http://snomed.info/id/227072004">227072004</a></td><td>jazyk mořský</td></tr><tr><td><a href="http://snomed.info/id/227078000">227078000</a></td><td>ďas mořský</td></tr><tr><td><a href="http://snomed.info/id/227083008">227083008</a></td><td>platýs</td></tr><tr><td><a href="http://snomed.info/id/227099002">227099002</a></td><td>treska polák</td></tr><tr><td><a href="http://snomed.info/id/227106004">227106004</a></td><td>treska bělavá</td></tr><tr><td><a href="http://snomed.info/id/227136008">227136008</a></td><td>sardinka</td></tr><tr><td><a href="http://snomed.info/id/227139001">227139001</a></td><td>šproty</td></tr><tr><td><a href="http://snomed.info/id/227151004">227151004</a></td><td>krevety</td></tr><tr><td><a href="http://snomed.info/id/227156009">227156009</a></td><td>krevety scampi</td></tr><tr><td><a href="http://snomed.info/id/227183005">227183005</a></td><td>rybí jikry</td></tr><tr><td><a href="http://snomed.info/id/227215000">227215000</a></td><td>artyčok</td></tr><tr><td><a href="http://snomed.info/id/227219006">227219006</a></td><td>lilek</td></tr><tr><td><a href="http://snomed.info/id/227220000">227220000</a></td><td>červená řepa</td></tr><tr><td><a href="http://snomed.info/id/227227002">227227002</a></td><td>kapusta</td></tr><tr><td><a href="http://snomed.info/id/227229004">227229004</a></td><td>bílé zelí</td></tr><tr><td><a href="http://snomed.info/id/227230009">227230009</a></td><td>kadeřávek</td></tr><tr><td><a href="http://snomed.info/id/227313005">227313005</a></td><td>luštěniny</td></tr><tr><td><a href="http://snomed.info/id/227350006">227350006</a></td><td>čočka</td></tr><tr><td><a href="http://snomed.info/id/227362005">227362005</a></td><td>červené fazole</td></tr><tr><td><a href="http://snomed.info/id/227376006">227376006</a></td><td>semeno anýzu</td></tr><tr><td><a href="http://snomed.info/id/227379004">227379004</a></td><td>bobkový list</td></tr><tr><td><a href="http://snomed.info/id/227382009">227382009</a></td><td>kardamom</td></tr><tr><td><a href="http://snomed.info/id/227383004">227383004</a></td><td>semeno celeru</td></tr><tr><td><a href="http://snomed.info/id/227385006">227385006</a></td><td>chilli koření</td></tr><tr><td><a href="http://snomed.info/id/227388008">227388008</a></td><td>skořice</td></tr><tr><td><a href="http://snomed.info/id/227390009">227390009</a></td><td>list koriandru</td></tr><tr><td><a href="http://snomed.info/id/227391008">227391008</a></td><td>semeno koriandru</td></tr><tr><td><a href="http://snomed.info/id/227395004">227395004</a></td><td>kari koření</td></tr><tr><td><a href="http://snomed.info/id/227396003">227396003</a></td><td>fenykl</td></tr><tr><td><a href="http://snomed.info/id/227400003">227400003</a></td><td>zázvor</td></tr><tr><td><a href="http://snomed.info/id/227404007">227404007</a></td><td>muškátový květ</td></tr><tr><td><a href="http://snomed.info/id/227405008">227405008</a></td><td>majoránka</td></tr><tr><td><a href="http://snomed.info/id/227407000">227407000</a></td><td>oregáno</td></tr><tr><td><a href="http://snomed.info/id/227408005">227408005</a></td><td>paprika</td></tr><tr><td><a href="http://snomed.info/id/227409002">227409002</a></td><td>mák</td></tr><tr><td><a href="http://snomed.info/id/227411006">227411006</a></td><td>šalvěj</td></tr><tr><td><a href="http://snomed.info/id/227413009">227413009</a></td><td>tymián</td></tr><tr><td><a href="http://snomed.info/id/227414003">227414003</a></td><td>kurkuma</td></tr><tr><td><a href="http://snomed.info/id/227425007">227425007</a></td><td>fíky</td></tr><tr><td><a href="http://snomed.info/id/227435001">227435001</a></td><td>nektarinka</td></tr><tr><td><a href="http://snomed.info/id/227444000">227444000</a></td><td>malina</td></tr><tr><td><a href="http://snomed.info/id/227447007">227447007</a></td><td>kaki</td></tr><tr><td><a href="http://snomed.info/id/227493005">227493005</a></td><td>kešu ořech</td></tr><tr><td><a href="http://snomed.info/id/227501001">227501001</a></td><td>makadamiový ořech</td></tr><tr><td><a href="http://snomed.info/id/227514000">227514000</a></td><td>dýňové semeno</td></tr><tr><td><a href="http://snomed.info/id/227515004">227515004</a></td><td>merlík chilský</td></tr><tr><td><a href="http://snomed.info/id/227538001">227538001</a></td><td>nakládaná zelenina</td></tr><tr><td><a href="http://snomed.info/id/227598003">227598003</a></td><td>med</td></tr><tr><td><a href="http://snomed.info/id/228104004">228104004</a></td><td>butylovaný hydroxyanisol</td></tr><tr><td><a href="http://snomed.info/id/229934002">229934002</a></td><td>mouka z cizrny</td></tr><tr><td><a href="http://snomed.info/id/229941008">229941008</a></td><td>sójová mouka</td></tr><tr><td><a href="http://snomed.info/id/230034002">230034002</a></td><td>ořechy a semena</td></tr><tr><td><a href="http://snomed.info/id/255640000">255640000</a></td><td>biocid</td></tr><tr><td><a href="http://snomed.info/id/255667006">255667006</a></td><td>parafín</td></tr><tr><td><a href="http://snomed.info/id/255764006">255764006</a></td><td>freon</td></tr><tr><td><a href="http://snomed.info/id/255769001">255769001</a></td><td>anhydrid hexahydrofthalový</td></tr><tr><td><a href="http://snomed.info/id/255772008">255772008</a></td><td>difenylmethan diisokyanát</td></tr><tr><td><a href="http://snomed.info/id/255775005">255775005</a></td><td>maleinanhydrid</td></tr><tr><td><a href="http://snomed.info/id/255842006">255842006</a></td><td>balzám peruánský</td></tr><tr><td><a href="http://snomed.info/id/255859001">255859001</a></td><td>butylovaný hydroxytoluen</td></tr><tr><td><a href="http://snomed.info/id/255864002">255864002</a></td><td>ethyl-4-hydroxybenzoát</td></tr><tr><td><a href="http://snomed.info/id/255868004">255868004</a></td><td>methyl 4-hydroxybenzoát</td></tr><tr><td><a href="http://snomed.info/id/255924000">255924000</a></td><td>eugenol</td></tr><tr><td><a href="http://snomed.info/id/256260009">256260009</a></td><td>pyl stromů a keřů</td></tr><tr><td><a href="http://snomed.info/id/256272003">256272003</a></td><td>pyl jilmů</td></tr><tr><td><a href="http://snomed.info/id/256289006">256289006</a></td><td>pyl chryzantém</td></tr><tr><td><a href="http://snomed.info/id/256292005">256292005</a></td><td>pyl květin a bylin</td></tr><tr><td><a href="http://snomed.info/id/256293000">256293000</a></td><td>pyl pelyňku černobýlu</td></tr><tr><td><a href="http://snomed.info/id/256303006">256303006</a></td><td>pyl ambrózie</td></tr><tr><td><a href="http://snomed.info/id/256305004">256305004</a></td><td>stromová pryskyřice</td></tr><tr><td><a href="http://snomed.info/id/256306003">256306003</a></td><td>pomeranč</td></tr><tr><td><a href="http://snomed.info/id/256307007">256307007</a></td><td>banán</td></tr><tr><td><a href="http://snomed.info/id/256313003">256313003</a></td><td>ananas</td></tr><tr><td><a href="http://snomed.info/id/256315005">256315005</a></td><td>grapefruit</td></tr><tr><td><a href="http://snomed.info/id/256316006">256316006</a></td><td>mandarinka</td></tr><tr><td><a href="http://snomed.info/id/256317002">256317002</a></td><td>hrozny</td></tr><tr><td><a href="http://snomed.info/id/256318007">256318007</a></td><td>zelené fazole</td></tr><tr><td><a href="http://snomed.info/id/256319004">256319004</a></td><td>mrkev</td></tr><tr><td><a href="http://snomed.info/id/256326004">256326004</a></td><td>celer</td></tr><tr><td><a href="http://snomed.info/id/256329006">256329006</a></td><td>špenát</td></tr><tr><td><a href="http://snomed.info/id/256331002">256331002</a></td><td>kopr</td></tr><tr><td><a href="http://snomed.info/id/256350002">256350002</a></td><td>mandle</td></tr><tr><td><a href="http://snomed.info/id/256351003">256351003</a></td><td>para ořech</td></tr><tr><td><a href="http://snomed.info/id/256352005">256352005</a></td><td>vlašský ořech - potravina</td></tr><tr><td><a href="http://snomed.info/id/256353000">256353000</a></td><td>lískový ořech</td></tr><tr><td><a href="http://snomed.info/id/256354006">256354006</a></td><td>fazole</td></tr><tr><td><a href="http://snomed.info/id/256363008">256363008</a></td><td>živočišný materiál</td></tr><tr><td><a href="http://snomed.info/id/256419000">256419000</a></td><td>myší epitel</td></tr><tr><td><a href="http://snomed.info/id/256435007">256435007</a></td><td>peří</td></tr><tr><td><a href="http://snomed.info/id/256443002">256443002</a></td><td>vaječný bílek</td></tr><tr><td><a href="http://snomed.info/id/256506002">256506002</a></td><td>materiál z nerezové oceli</td></tr><tr><td><a href="http://snomed.info/id/256526003">256526003</a></td><td>slitina kobaltu a chrómu</td></tr><tr><td><a href="http://snomed.info/id/256579008">256579008</a></td><td>durapatit</td></tr><tr><td><a href="http://snomed.info/id/256596009">256596009</a></td><td>zlatá dentální pájka</td></tr><tr><td><a href="http://snomed.info/id/256607001">256607001</a></td><td>žáruvzdorná dentální keramika</td></tr><tr><td><a href="http://snomed.info/id/256633009">256633009</a></td><td>polypropylen</td></tr><tr><td><a href="http://snomed.info/id/259221006">259221006</a></td><td>methanol</td></tr><tr><td><a href="http://snomed.info/id/260118006">260118006</a></td><td>pyl drnavce</td></tr><tr><td><a href="http://snomed.info/id/260126003">260126003</a></td><td>pyl olivovníku</td></tr><tr><td><a href="http://snomed.info/id/260152009">260152009</a></td><td>kočičí lupy a srst</td></tr><tr><td><a href="http://snomed.info/id/260153004">260153004</a></td><td>kravské lupy a srst</td></tr><tr><td><a href="http://snomed.info/id/260154005">260154005</a></td><td>psí lupy a srst</td></tr><tr><td><a href="http://snomed.info/id/260167008">260167008</a></td><td>sezamové semínko</td></tr><tr><td><a href="http://snomed.info/id/260168003">260168003</a></td><td>bílá fazole</td></tr><tr><td><a href="http://snomed.info/id/260176001">260176001</a></td><td>kiwi</td></tr><tr><td><a href="http://snomed.info/id/260177005">260177005</a></td><td>meloun</td></tr><tr><td><a href="http://snomed.info/id/260179008">260179008</a></td><td>mango (ovoce)</td></tr><tr><td><a href="http://snomed.info/id/260184002">260184002</a></td><td>hrách</td></tr><tr><td><a href="http://snomed.info/id/260189007">260189007</a></td><td>pekanový ořech</td></tr><tr><td><a href="http://snomed.info/id/260204008">260204008</a></td><td>semeno bavlny</td></tr><tr><td><a href="http://snomed.info/id/260205009">260205009</a></td><td>slunečnicové semeno</td></tr><tr><td><a href="http://snomed.info/id/261249004">261249004</a></td><td>slitina nikl–kobalt–chrom</td></tr><tr><td><a href="http://snomed.info/id/261712009">261712009</a></td><td>akrylový polymer</td></tr><tr><td><a href="http://snomed.info/id/264287008">264287008</a></td><td>zvířecí lupy a srst</td></tr><tr><td><a href="http://snomed.info/id/264295007">264295007</a></td><td>bílkovina kravského mléka</td></tr><tr><td><a href="http://snomed.info/id/264331002">264331002</a></td><td>obilí</td></tr><tr><td><a href="http://snomed.info/id/264337003">264337003</a></td><td>semeno</td></tr><tr><td><a href="http://snomed.info/id/276310004">276310004</a></td><td>zvířecí chlupy</td></tr><tr><td><a href="http://snomed.info/id/277016007">277016007</a></td><td>alfa-chloralóza</td></tr><tr><td><a href="http://snomed.info/id/278840001">278840001</a></td><td>kreveta</td></tr><tr><td><a href="http://snomed.info/id/280939008">280939008</a></td><td>hmyzí jed</td></tr><tr><td><a href="http://snomed.info/id/288326000">288326000</a></td><td>jed sršně</td></tr><tr><td><a href="http://snomed.info/id/288328004">288328004</a></td><td>včelí jed</td></tr><tr><td><a href="http://snomed.info/id/288460008">288460008</a></td><td>jed čmeláka</td></tr><tr><td><a href="http://snomed.info/id/290008007">290008007</a></td><td>pyl bodláku</td></tr><tr><td><a href="http://snomed.info/id/301093003">301093003</a></td><td>anhydrid organické kyseliny</td></tr><tr><td><a href="http://snomed.info/id/303300008">303300008</a></td><td>vaječná bílkovina</td></tr><tr><td><a href="http://snomed.info/id/303314008">303314008</a></td><td>jed škorpióna</td></tr><tr><td><a href="http://snomed.info/id/303315009">303315009</a></td><td>jed pavouků</td></tr><tr><td><a href="http://snomed.info/id/311443003">311443003</a></td><td>prach z kávových zrn</td></tr><tr><td><a href="http://snomed.info/id/311731000">311731000</a></td><td>parafínový vosk</td></tr><tr><td><a href="http://snomed.info/id/387293003">387293003</a></td><td>anthralin (dithranol)</td></tr><tr><td><a href="http://snomed.info/id/395734009">395734009</a></td><td>guarová guma</td></tr><tr><td><a href="http://snomed.info/id/396049000">396049000</a></td><td>ethyl-2-kyanoakrylát</td></tr><tr><td><a href="http://snomed.info/id/398705004">398705004</a></td><td>konopí</td></tr><tr><td><a href="http://snomed.info/id/410853002">410853002</a></td><td>perfluorochemical</td></tr><tr><td><a href="http://snomed.info/id/412056003">412056003</a></td><td>fazole Lima</td></tr><tr><td><a href="http://snomed.info/id/412060000">412060000</a></td><td>pepř černý</td></tr><tr><td><a href="http://snomed.info/id/412061001">412061001</a></td><td>borůvky</td></tr><tr><td><a href="http://snomed.info/id/412068007">412068007</a></td><td>žito</td></tr><tr><td><a href="http://snomed.info/id/412070003">412070003</a></td><td>vanilka</td></tr><tr><td><a href="http://snomed.info/id/412071004">412071004</a></td><td>pšenice</td></tr><tr><td><a href="http://snomed.info/id/412145001">412145001</a></td><td>barva na vlasy</td></tr><tr><td><a href="http://snomed.info/id/412150007">412150007</a></td><td>fragmenty hmyzu</td></tr><tr><td><a href="http://snomed.info/id/412153009">412153009</a></td><td>králičí lupy a srst</td></tr><tr><td><a href="http://snomed.info/id/412156001">412156001</a></td><td>hedvábí</td></tr><tr><td><a href="http://snomed.info/id/412357001">412357001</a></td><td>kukuřice</td></tr><tr><td><a href="http://snomed.info/id/415710007">415710007</a></td><td>terpeny</td></tr><tr><td><a href="http://snomed.info/id/418266005">418266005</a></td><td>žlutý parafín</td></tr><tr><td><a href="http://snomed.info/id/418785009">418785009</a></td><td>parfém</td></tr><tr><td><a href="http://snomed.info/id/418920007">418920007</a></td><td>adhezivní látka</td></tr><tr><td><a href="http://snomed.info/id/419420009">419420009</a></td><td>vodní meloun</td></tr><tr><td><a href="http://snomed.info/id/419604006">419604006</a></td><td>pyl bylin</td></tr><tr><td><a href="http://snomed.info/id/419633007">419633007</a></td><td>bílý parafín</td></tr><tr><td><a href="http://snomed.info/id/421556008">421556008</a></td><td>kapsicin - pepř</td></tr><tr><td><a href="http://snomed.info/id/425620007">425620007</a></td><td>kov</td></tr><tr><td><a href="http://snomed.info/id/430503006">430503006</a></td><td>glutamát</td></tr><tr><td><a href="http://snomed.info/id/434162003">434162003</a></td><td>neutrální pufrovaný formalín</td></tr><tr><td><a href="http://snomed.info/id/472731004">472731004</a></td><td>pyl fíkovníku</td></tr><tr><td><a href="http://snomed.info/id/702730004">702730004</a></td><td>jed medůzy</td></tr><tr><td><a href="http://snomed.info/id/710039005">710039005</a></td><td>řepkové semeno</td></tr><tr><td><a href="http://snomed.info/id/710172008">710172008</a></td><td>chmel</td></tr><tr><td><a href="http://snomed.info/id/710179004">710179004</a></td><td>semeno lupiny</td></tr><tr><td><a href="http://snomed.info/id/710184005">710184005</a></td><td>skopové maso</td></tr><tr><td><a href="http://snomed.info/id/710900003">710900003</a></td><td>pyl slunečnice</td></tr><tr><td><a href="http://snomed.info/id/710902006">710902006</a></td><td>pyl heřmánku</td></tr><tr><td><a href="http://snomed.info/id/710930006">710930006</a></td><td>protein švába německého</td></tr><tr><td><a href="http://snomed.info/id/710937009">710937009</a></td><td>protein švába amerického</td></tr><tr><td><a href="http://snomed.info/id/711088004">711088004</a></td><td>protein vepří moči</td></tr><tr><td><a href="http://snomed.info/id/711089007">711089007</a></td><td>protein roztoče</td></tr><tr><td><a href="http://snomed.info/id/711090003">711090003</a></td><td>protein Acarus siro</td></tr><tr><td><a href="http://snomed.info/id/711092006">711092006</a></td><td>protein Dermatophagoides farinae</td></tr><tr><td><a href="http://snomed.info/id/711096009">711096009</a></td><td>protein Glycyphagus domesticus</td></tr><tr><td><a href="http://snomed.info/id/711097000">711097000</a></td><td>protein Lepidoglyphus destructor</td></tr><tr><td><a href="http://snomed.info/id/719108000">719108000</a></td><td>lupinová mouka</td></tr><tr><td><a href="http://snomed.info/id/726758002">726758002</a></td><td>čekanka listová</td></tr><tr><td><a href="http://snomed.info/id/726759005">726759005</a></td><td>sépie</td></tr><tr><td><a href="http://snomed.info/id/726761001">726761001</a></td><td>čekanka</td></tr><tr><td><a href="http://snomed.info/id/726763003">726763003</a></td><td>kapr</td></tr><tr><td><a href="http://snomed.info/id/734881000">734881000</a></td><td>rajče</td></tr><tr><td><a href="http://snomed.info/id/735004000">735004000</a></td><td>sladká brambora</td></tr><tr><td><a href="http://snomed.info/id/735006003">735006003</a></td><td>oliheň</td></tr><tr><td><a href="http://snomed.info/id/735029006">735029006</a></td><td>mořští korýši, měkkýši a ostnokožci</td></tr><tr><td><a href="http://snomed.info/id/735034005">735034005</a></td><td>pstruh</td></tr><tr><td><a href="http://snomed.info/id/735035006">735035006</a></td><td>sleď</td></tr><tr><td><a href="http://snomed.info/id/735042006">735042006</a></td><td>hlávkový salát</td></tr><tr><td><a href="http://snomed.info/id/735043001">735043001</a></td><td>makrela</td></tr><tr><td><a href="http://snomed.info/id/735045008">735045008</a></td><td>houby</td></tr><tr><td><a href="http://snomed.info/id/735047000">735047000</a></td><td>cibule</td></tr><tr><td><a href="http://snomed.info/id/735049002">735049002</a></td><td>broskev</td></tr><tr><td><a href="http://snomed.info/id/735050002">735050002</a></td><td>hruška</td></tr><tr><td><a href="http://snomed.info/id/735051003">735051003</a></td><td>švestka</td></tr><tr><td><a href="http://snomed.info/id/735053000">735053000</a></td><td>brambor</td></tr><tr><td><a href="http://snomed.info/id/735106000">735106000</a></td><td>bazalka</td></tr><tr><td><a href="http://snomed.info/id/735123009">735123009</a></td><td>brokolice</td></tr><tr><td><a href="http://snomed.info/id/735124003">735124003</a></td><td>ječmen</td></tr><tr><td><a href="http://snomed.info/id/735211005">735211005</a></td><td>kokos</td></tr><tr><td><a href="http://snomed.info/id/735212003">735212003</a></td><td>papája</td></tr><tr><td><a href="http://snomed.info/id/735213008">735213008</a></td><td>okurka</td></tr><tr><td><a href="http://snomed.info/id/735245003">735245003</a></td><td>treska</td></tr><tr><td><a href="http://snomed.info/id/735246002">735246002</a></td><td>úhoř</td></tr><tr><td><a href="http://snomed.info/id/735248001">735248001</a></td><td>třešeň</td></tr><tr><td><a href="http://snomed.info/id/735249009">735249009</a></td><td>avokádo</td></tr><tr><td><a href="http://snomed.info/id/735336002">735336002</a></td><td>květák</td></tr><tr><td><a href="http://snomed.info/id/735337006">735337006</a></td><td>ančovičky</td></tr><tr><td><a href="http://snomed.info/id/735340006">735340006</a></td><td>citrón</td></tr><tr><td><a href="http://snomed.info/id/735341005">735341005</a></td><td>rybí olej</td></tr><tr><td><a href="http://snomed.info/id/735959004">735959004</a></td><td>mořští měkkýši</td></tr><tr><td><a href="http://snomed.info/id/735971005">735971005</a></td><td>ryba</td></tr><tr><td><a href="http://snomed.info/id/735972003">735972003</a></td><td>rak</td></tr><tr><td><a href="http://snomed.info/id/735974002">735974002</a></td><td>úhoř říční</td></tr><tr><td><a href="http://snomed.info/id/735977009">735977009</a></td><td>mořští korýši</td></tr><tr><td><a href="http://snomed.info/id/735979007">735979007</a></td><td>chobotnice</td></tr><tr><td><a href="http://snomed.info/id/736027000">736027000</a></td><td>hřebenatka</td></tr><tr><td><a href="http://snomed.info/id/736031006">736031006</a></td><td>ústřice</td></tr><tr><td><a href="http://snomed.info/id/736162008">736162008</a></td><td>humr</td></tr><tr><td><a href="http://snomed.info/id/736258006">736258006</a></td><td>hmyzí sliny</td></tr><tr><td><a href="http://snomed.info/id/764166003">764166003</a></td><td>karbol-fuchsín</td></tr><tr><td><a href="http://snomed.info/id/765099008">765099008</a></td><td>sardinka pilčard</td></tr><tr><td><a href="http://snomed.info/id/767406000">767406000</a></td><td>sulfity a sulfitové deriváty</td></tr><tr><td><a href="http://snomed.info/id/770326002">770326002</a></td><td>měkkýš</td></tr><tr><td><a href="http://snomed.info/id/771518004">771518004</a></td><td>peckoviny rodu Prunus</td></tr><tr><td><a href="http://snomed.info/id/772245002">772245002</a></td><td>alkohol tuků ovčí vlny</td></tr><tr><td><a href="http://snomed.info/id/1003736004">1003736004</a></td><td>potraviny z mléka savců</td></tr><tr><td><a href="http://snomed.info/id/1003752001">1003752001</a></td><td>protein latexu Hevea brasiliensis</td></tr><tr><td><a href="http://snomed.info/id/1137358000">1137358000</a></td><td>pepř (Piper)</td></tr><tr><td><a href="http://snomed.info/id/24515005">24515005</a></td><td>koření</td></tr><tr><td><a href="http://snomed.info/id/37663002">37663002</a></td><td>jed</td></tr><tr><td><a href="http://snomed.info/id/51386004">51386004</a></td><td>potravinové konzervanty</td></tr><tr><td><a href="http://snomed.info/id/63045006">63045006</a></td><td>bobule</td></tr><tr><td><a href="http://snomed.info/id/70813002">70813002</a></td><td>mléko</td></tr><tr><td><a href="http://snomed.info/id/80259003">80259003</a></td><td>dochucovadlo</td></tr><tr><td><a href="http://snomed.info/id/87918000">87918000</a></td><td>minerály</td></tr><tr><td><a href="http://snomed.info/id/116274004">116274004</a></td><td>umělé sladidlo</td></tr><tr><td><a href="http://snomed.info/id/227038007">227038007</a></td><td>bílé ryby</td></tr><tr><td><a href="http://snomed.info/id/227110001">227110001</a></td><td>tučné ryby</td></tr><tr><td><a href="http://snomed.info/id/256248008">256248008</a></td><td>rostlinný materiál</td></tr><tr><td><a href="http://snomed.info/id/256406004">256406004</a></td><td>živočišný epitel</td></tr><tr><td><a href="http://snomed.info/id/289954006">289954006</a></td><td>látky obsažené v houbách</td></tr><tr><td><a href="http://snomed.info/id/735108004">735108004</a></td><td>zelí</td></tr><tr><td><a href="http://snomed.info/id/442571000124108">442571000124108</a></td><td>stromový ořech</td></tr><tr><td><a href="http://snomed.info/id/3692009">3692009</a></td><td>siřičitan sodný</td></tr><tr><td><a href="http://snomed.info/id/7791007">7791007</a></td><td>sójový protein</td></tr><tr><td><a href="http://snomed.info/id/10827009">10827009</a></td><td>mléčný protein</td></tr><tr><td><a href="http://snomed.info/id/14006006">14006006</a></td><td>ethylenoxid</td></tr><tr><td><a href="http://snomed.info/id/22968009">22968009</a></td><td>barvivo Sunset Yellow FCF</td></tr><tr><td><a href="http://snomed.info/id/23182003">23182003</a></td><td>obiloviny</td></tr><tr><td><a href="http://snomed.info/id/35233000">35233000</a></td><td>polyvinylchlorid</td></tr><tr><td><a href="http://snomed.info/id/55700001">55700001</a></td><td>nylon</td></tr><tr><td><a href="http://snomed.info/id/63766005">63766005</a></td><td>mouka</td></tr><tr><td><a href="http://snomed.info/id/73892005">73892005</a></td><td>karmín</td></tr><tr><td><a href="http://snomed.info/id/79549001">79549001</a></td><td>kyanoakrylát</td></tr><tr><td><a href="http://snomed.info/id/85066006">85066006</a></td><td>azočerné barvivo</td></tr><tr><td><a href="http://snomed.info/id/89811004">89811004</a></td><td>lepek</td></tr><tr><td><a href="http://snomed.info/id/111088007">111088007</a></td><td>latex</td></tr><tr><td><a href="http://snomed.info/id/128489003">128489003</a></td><td>písek</td></tr><tr><td><a href="http://snomed.info/id/226934003">226934003</a></td><td>vepřové maso</td></tr><tr><td><a href="http://snomed.info/id/227066004">227066004</a></td><td>štikozubec</td></tr><tr><td><a href="http://snomed.info/id/227081005">227081005</a></td><td>parmice červená</td></tr><tr><td><a href="http://snomed.info/id/227131003">227131003</a></td><td>pangas</td></tr><tr><td><a href="http://snomed.info/id/227147001">227147001</a></td><td>srdcovky</td></tr><tr><td><a href="http://snomed.info/id/227150003">227150003</a></td><td>mušle</td></tr><tr><td><a href="http://snomed.info/id/227339008">227339008</a></td><td>fazolové výhonky</td></tr><tr><td><a href="http://snomed.info/id/227346004">227346004</a></td><td>cizrna</td></tr><tr><td><a href="http://snomed.info/id/227374009">227374009</a></td><td>bylinky a koření</td></tr><tr><td><a href="http://snomed.info/id/227387003">227387003</a></td><td>pažitka</td></tr><tr><td><a href="http://snomed.info/id/227389000">227389000</a></td><td>hřebíček</td></tr><tr><td><a href="http://snomed.info/id/227398002">227398002</a></td><td>semeno pískavice</td></tr><tr><td><a href="http://snomed.info/id/227410007">227410007</a></td><td>rozmarýn</td></tr><tr><td><a href="http://snomed.info/id/227423000">227423000</a></td><td>datle</td></tr><tr><td><a href="http://snomed.info/id/227511008">227511008</a></td><td>piniový oříšek</td></tr><tr><td><a href="http://snomed.info/id/227512001">227512001</a></td><td>pistáciový ořech</td></tr><tr><td><a href="http://snomed.info/id/229944000">229944000</a></td><td>pšeničná mouka</td></tr><tr><td><a href="http://snomed.info/id/255620007">255620007</a></td><td>potravina</td></tr><tr><td><a href="http://snomed.info/id/255786007">255786007</a></td><td>diisokyanát toluenu</td></tr><tr><td><a href="http://snomed.info/id/255844007">255844007</a></td><td>směs parabenů</td></tr><tr><td><a href="http://snomed.info/id/255871007">255871007</a></td><td>propyl-4-hydroxybenzoát</td></tr><tr><td><a href="http://snomed.info/id/256186006">256186006</a></td><td>toluánský balzám</td></tr><tr><td><a href="http://snomed.info/id/256218005">256218005</a></td><td>extrakt z řebříčku</td></tr><tr><td><a href="http://snomed.info/id/256262001">256262001</a></td><td>pyl břízy bělokoré</td></tr><tr><td><a href="http://snomed.info/id/256267007">256267007</a></td><td>pyl borovice</td></tr><tr><td><a href="http://snomed.info/id/256270006">256270006</a></td><td>pyl dubu</td></tr><tr><td><a href="http://snomed.info/id/256277009">256277009</a></td><td>pyl trav</td></tr><tr><td><a href="http://snomed.info/id/256281009">256281009</a></td><td>pyl srhy</td></tr><tr><td><a href="http://snomed.info/id/256417003">256417003</a></td><td>koňské lupy a srst</td></tr><tr><td><a href="http://snomed.info/id/256440004">256440004</a></td><td>vosí jed</td></tr><tr><td><a href="http://snomed.info/id/256496006">256496006</a></td><td>zlatá slitina</td></tr><tr><td><a href="http://snomed.info/id/256501007">256501007</a></td><td>uhlíkové vlákno</td></tr><tr><td><a href="http://snomed.info/id/256504004">256504004</a></td><td>polykarbonátový zubní materiál</td></tr><tr><td><a href="http://snomed.info/id/260108001">260108001</a></td><td>pyl pelyňku pravého</td></tr><tr><td><a href="http://snomed.info/id/260131001">260131001</a></td><td>pyl gumovníku</td></tr><tr><td><a href="http://snomed.info/id/260156007">260156007</a></td><td>myší močové proteiny</td></tr><tr><td><a href="http://snomed.info/id/261243003">261243003</a></td><td>mosaz</td></tr><tr><td><a href="http://snomed.info/id/286550009">286550009</a></td><td>slepičí vejce</td></tr><tr><td><a href="http://snomed.info/id/289949002">289949002</a></td><td>pyl cypřiše</td></tr><tr><td><a href="http://snomed.info/id/289955007">289955007</a></td><td>pyl chmele</td></tr><tr><td><a href="http://snomed.info/id/311846002">311846002</a></td><td>pyretroidní insekticid</td></tr><tr><td><a href="http://snomed.info/id/373780001">373780001</a></td><td>meskalin</td></tr><tr><td><a href="http://snomed.info/id/387239001">387239001</a></td><td>genciánová violeť</td></tr><tr><td><a href="http://snomed.info/id/391737006">391737006</a></td><td>mandlový olej</td></tr><tr><td><a href="http://snomed.info/id/409595003">409595003</a></td><td>biologicky rizikový materiál</td></tr><tr><td><a href="http://snomed.info/id/412161004">412161004</a></td><td>vlna</td></tr><tr><td><a href="http://snomed.info/id/418504009">418504009</a></td><td>oves</td></tr><tr><td><a href="http://snomed.info/id/431510009">431510009</a></td><td>formalín</td></tr><tr><td><a href="http://snomed.info/id/698730007">698730007</a></td><td>pyl růže</td></tr><tr><td><a href="http://snomed.info/id/710171001">710171001</a></td><td>koňské maso</td></tr><tr><td><a href="http://snomed.info/id/710178007">710178007</a></td><td>lněné semeno</td></tr><tr><td><a href="http://snomed.info/id/710183004">710183004</a></td><td>králičí maso</td></tr><tr><td><a href="http://snomed.info/id/710932003">710932003</a></td><td>protein molů</td></tr><tr><td><a href="http://snomed.info/id/711143002">711143002</a></td><td>methyltetrahydroftalový anhydrid</td></tr><tr><td><a href="http://snomed.info/id/711316002">711316002</a></td><td>protein perloočky</td></tr><tr><td><a href="http://snomed.info/id/720687003">720687003</a></td><td>protein roztočů prachu</td></tr><tr><td><a href="http://snomed.info/id/726731009">726731009</a></td><td>mečoun</td></tr><tr><td><a href="http://snomed.info/id/726764009">726764009</a></td><td>bob koňský</td></tr><tr><td><a href="http://snomed.info/id/735030001">735030001</a></td><td>česnek</td></tr><tr><td><a href="http://snomed.info/id/735046009">735046009</a></td><td>muškátový oříšek</td></tr><tr><td><a href="http://snomed.info/id/735214002">735214002</a></td><td>meruňka</td></tr><tr><td><a href="http://snomed.info/id/735215001">735215001</a></td><td>jablko</td></tr><tr><td><a href="http://snomed.info/id/762766007">762766007</a></td><td>poživatelná látka</td></tr><tr><td><a href="http://snomed.info/id/782576004">782576004</a></td><td>stromový pyl</td></tr><tr><td><a href="http://snomed.info/id/785344003">785344003</a></td><td>sisalový prach</td></tr><tr><td><a href="http://snomed.info/id/442461000124102">442461000124102</a></td><td>ořech hikorový</td></tr><tr><td><a href="http://snomed.info/id/14321009">14321009</a></td><td>kaptafol</td></tr><tr><td><a href="http://snomed.info/id/15896008">15896008</a></td><td>methylová fialová 2B</td></tr><tr><td><a href="http://snomed.info/id/77249007">77249007</a></td><td>ftalanhydrid</td></tr><tr><td><a href="http://snomed.info/id/84181009">84181009</a></td><td>styren</td></tr><tr><td><a href="http://snomed.info/id/125706008">125706008</a></td><td>natrium-benzoát</td></tr><tr><td><a href="http://snomed.info/id/226793001">226793001</a></td><td>sójové mléko</td></tr><tr><td><a href="http://snomed.info/id/227042005">227042005</a></td><td>cejn</td></tr><tr><td><a href="http://snomed.info/id/227105000">227105000</a></td><td>kambala velká</td></tr><tr><td><a href="http://snomed.info/id/227144008">227144008</a></td><td>tuňák</td></tr><tr><td><a href="http://snomed.info/id/227392001">227392001</a></td><td>kmín</td></tr><tr><td><a href="http://snomed.info/id/255814009">255814009</a></td><td>tetrachlorftalový anhydrid</td></tr><tr><td><a href="http://snomed.info/id/255840003">255840003</a></td><td>kalafuna</td></tr><tr><td><a href="http://snomed.info/id/256259004">256259004</a></td><td>pyl</td></tr><tr><td><a href="http://snomed.info/id/256290002">256290002</a></td><td>pyl jiřinek</td></tr><tr><td><a href="http://snomed.info/id/256330001">256330001</a></td><td>bylina</td></tr><tr><td><a href="http://snomed.info/id/256355007">256355007</a></td><td>sójové boby</td></tr><tr><td><a href="http://snomed.info/id/261250004">261250004</a></td><td>nikl–titan</td></tr><tr><td><a href="http://snomed.info/id/289122001">289122001</a></td><td>kosmetické látky</td></tr><tr><td><a href="http://snomed.info/id/301712000">301712000</a></td><td>kvartérní amoniová sloučenina</td></tr><tr><td><a href="http://snomed.info/id/408742009">408742009</a></td><td>Rose bengal</td></tr><tr><td><a href="http://snomed.info/id/412548006">412548006</a></td><td>ndigotin-disulfonan sodný</td></tr><tr><td><a href="http://snomed.info/id/710226003">710226003</a></td><td>šípek</td></tr><tr><td><a href="http://snomed.info/id/710943006">710943006</a></td><td>protein švába</td></tr><tr><td><a href="http://snomed.info/id/711094007">711094007</a></td><td>protein roztoče Dermatophagoides pteronyssinus</td></tr><tr><td><a href="http://snomed.info/id/711098005">711098005</a></td><td>protein roztoče Tyrophagus putrescentiae</td></tr><tr><td><a href="http://snomed.info/id/726749009">726749009</a></td><td>mořský vlk</td></tr><tr><td><a href="http://snomed.info/id/726755004">726755004</a></td><td>pór</td></tr><tr><td><a href="http://snomed.info/id/735009005">735009005</a></td><td>losos</td></tr><tr><td><a href="http://snomed.info/id/736030007">736030007</a></td><td>škeble</td></tr><tr><td><a href="http://snomed.info/id/736159005">736159005</a></td><td>krab</td></tr><tr><td><a href="http://snomed.info/id/773757000">773757000</a></td><td>jed mravence</td></tr><tr><td><a href="http://snomed.info/id/1137359008">1137359008</a></td><td>sladká paprika</td></tr><tr><td><a href="http://snomed.info/id/711319009">711319009</a></td><td>protein potemníka moučného</td></tr><tr><td><a href="http://snomed.info/id/762952008">762952008</a></td><td>burský ořech</td></tr></table></li></ul></div>
  </text>
  <extension url="http://hl7.org/fhir/StructureDefinition/structuredefinition-fmm">
    <valueInteger value="1"/>
  </extension>
  <extension url="http://hl7.org/fhir/StructureDefinition/structuredefinition-standards-status">
    <valueCode value="draft"/>
  </extension>
  <url value="https://ncez.mzcr.cz/terminology/ValueSet/eHDSIAllergenNoDrug-cz"/>
  <identifier>
    <system value="urn:ietf:rfc:3986"/>
    <value value="urn:oid:1.3.6.1.4.1.12559.11.10.1.3.1.42.19"/>
  </identifier>
  <version value="0.2.0"/>
  <name value="EHDSIAllergenNoDrugCZ"/>
  <title value="eHDSI Allergen No Drug"/>
  <status value="active"/>
  <experimental value="false"/>
  <date value="2025-12-23T18:27:27+01:00"/>
  <publisher value="HL7 Czech Republic"/>
  <contact>
    <name value="HL7 Czech Republic"/>
    <telecom>
      <system value="url"/>
      <value value="https://www.hl7.cz/"/>
    </telecom>
  </contact>
  <description value="The value set is used to code the patient's kind of adverse reactions against substance, food or drugs"/>
  <jurisdiction>
    <coding>
      <system value="urn:iso:std:iso:3166"/>
      <code value="CZ"/>
      <display value="Czechia"/>
    </coding>
  </jurisdiction>
  <copyright value="This value set includes content from SNOMED CT, which is copyright © 2002+ International Health Terminology Standards Development Organisation (IHTSDO), and distributed by agreement between IHTSDO and HL7. Implementer use of SNOMED CT is not covered by this agreement"/>
  <compose>
    <include>
      <system value="http://snomed.info/sct"/>
      <concept>
        <code value="432003"/>
        <display value="kyselina karminová – barvivo (E120)"/>
      </concept>
      <concept>
        <code value="2159007"/>
        <display value="azorubin"/>
      </concept>
      <concept>
        <code value="2309006"/>
        <display value="zlato"/>
      </concept>
      <concept>
        <code value="2799001"/>
        <display value="methylbenzethoniumchlorid"/>
      </concept>
      <concept>
        <code value="3718001"/>
        <display value="kravské mléko"/>
      </concept>
      <concept>
        <code value="3829006"/>
        <display value="železo"/>
      </concept>
      <concept>
        <code value="6725000"/>
        <display value="methylenová modř"/>
      </concept>
      <concept>
        <code value="7434003"/>
        <display value="erytrosin B – barvivo (E-127)"/>
      </concept>
      <concept>
        <code value="8204009"/>
        <display value="polyester"/>
      </concept>
      <concept>
        <code value="9010006"/>
        <display value="methylová modř"/>
      </concept>
      <concept>
        <code value="9021002"/>
        <display value="karbaryl"/>
      </concept>
      <concept>
        <code value="11526002"/>
        <display value="aspartam"/>
      </concept>
      <concept>
        <code value="12503006"/>
        <display value="hliník"/>
      </concept>
      <concept>
        <code value="12510000"/>
        <display value="eukalyptový olej"/>
      </concept>
      <concept>
        <code value="13577000"/>
        <display value="ořech"/>
      </concept>
      <concept>
        <code value="13652007"/>
        <display value="silikon"/>
      </concept>
      <concept>
        <code value="14402002"/>
        <display value="dřevo"/>
      </concept>
      <concept>
        <code value="16313001"/>
        <display value="čaj"/>
      </concept>
      <concept>
        <code value="17172002"/>
        <display value="dibromofluorescein"/>
      </concept>
      <concept>
        <code value="17486007"/>
        <display value="mecrylate"/>
      </concept>
      <concept>
        <code value="17693003"/>
        <display value="akriflavin"/>
      </concept>
      <concept>
        <code value="19839007"/>
        <display value="sorbitol"/>
      </concept>
      <concept>
        <code value="19893005"/>
        <display value="dichroman draselný"/>
      </concept>
      <concept>
        <code value="21592006"/>
        <display value="tartrazin"/>
      </concept>
      <concept>
        <code value="22242006"/>
        <display value="glutaraldehyd"/>
      </concept>
      <concept>
        <code value="22836000"/>
        <display value="zelenina"/>
      </concept>
      <concept>
        <code value="22931006"/>
        <display value="Evansova modř"/>
      </concept>
      <concept>
        <code value="24102007"/>
        <display value="chlorthalonil"/>
      </concept>
      <concept>
        <code value="24215009"/>
        <display value="kyselina pikrová"/>
      </concept>
      <concept>
        <code value="25761002"/>
        <display value="glutamin"/>
      </concept>
      <concept>
        <code value="27119002"/>
        <display value="trimelitický anhydrid"/>
      </concept>
      <concept>
        <code value="28230009"/>
        <display value="drůbeží maso"/>
      </concept>
      <concept>
        <code value="28421003"/>
        <display value="kyselina sorbová"/>
      </concept>
      <concept>
        <code value="28647000"/>
        <display value="maso"/>
      </concept>
      <concept>
        <code value="29263009"/>
        <display value="káva"/>
      </concept>
      <concept>
        <code value="29522004"/>
        <display value="tolonium chlorid"/>
      </concept>
      <concept>
        <code value="31006001"/>
        <display value="říše Plantae (rostliny)"/>
      </concept>
      <concept>
        <code value="31347007"/>
        <display value="lékořice"/>
      </concept>
      <concept>
        <code value="33008008"/>
        <display value="prach"/>
      </concept>
      <concept>
        <code value="33396006"/>
        <display value="nikl"/>
      </concept>
      <concept>
        <code value="35605007"/>
        <display value="lanolin bezvodý"/>
      </concept>
      <concept>
        <code value="35609001"/>
        <display value="azofloxin"/>
      </concept>
      <concept>
        <code value="37017009"/>
        <display value="parazitičtí červi"/>
      </concept>
      <concept>
        <code value="37575004"/>
        <display value="karmoisin A (E122)"/>
      </concept>
      <concept>
        <code value="38271009"/>
        <display value="šafránová žluť;"/>
      </concept>
      <concept>
        <code value="41750006"/>
        <display value="brazilein"/>
      </concept>
      <concept>
        <code value="41967008"/>
        <display value="stříbro"/>
      </concept>
      <concept>
        <code value="42416001"/>
        <display value="lanolin"/>
      </concept>
      <concept>
        <code value="43230003"/>
        <display value="guma"/>
      </concept>
      <concept>
        <code value="43735007"/>
        <display value="síra"/>
      </concept>
      <concept>
        <code value="44027008"/>
        <display value="potrava z mořských živočichů (mořské plody)"/>
      </concept>
      <concept>
        <code value="47703008"/>
        <display value="laktóza"/>
      </concept>
      <concept>
        <code value="48540004"/>
        <display value="patentní modř V, sodná sůl (E131)"/>
      </concept>
      <concept>
        <code value="50593009"/>
        <display value="kasein"/>
      </concept>
      <concept>
        <code value="51503008"/>
        <display value="růžový olej"/>
      </concept>
      <concept>
        <code value="51905005"/>
        <display value="hořčice"/>
      </concept>
      <concept>
        <code value="51963001"/>
        <display value="sulfitová sůl"/>
      </concept>
      <concept>
        <code value="52454007"/>
        <display value="albumin"/>
      </concept>
      <concept>
        <code value="52836003"/>
        <display value="paraformaldehyd"/>
      </concept>
      <concept>
        <code value="54041009"/>
        <display value="světlicový olej"/>
      </concept>
      <concept>
        <code value="56822005"/>
        <display value="kvartérní amoniová sůl"/>
      </concept>
      <concept>
        <code value="57126000"/>
        <display value="lepidlo"/>
      </concept>
      <concept>
        <code value="57720001"/>
        <display value="anýzový olej"/>
      </concept>
      <concept>
        <code value="59351004"/>
        <display value="citrát"/>
      </concept>
      <concept>
        <code value="59533004"/>
        <display value="potravinové aditivum"/>
      </concept>
      <concept>
        <code value="59545008"/>
        <display value="pesticid"/>
      </concept>
      <concept>
        <code value="61088005"/>
        <display value="plast"/>
      </concept>
      <concept>
        <code value="61789006"/>
        <display value="barvivo"/>
      </concept>
      <concept>
        <code value="63338004"/>
        <display value="dochucovadlo léčiv"/>
      </concept>
      <concept>
        <code value="64601002"/>
        <display value="dřevěný prach"/>
      </concept>
      <concept>
        <code value="65123005"/>
        <display value="cholin"/>
      </concept>
      <concept>
        <code value="65345002"/>
        <display value="epoxidová pryskyřice"/>
      </concept>
      <concept>
        <code value="66562002"/>
        <display value="cigaretový tabák"/>
      </concept>
      <concept>
        <code value="66925006"/>
        <display value="měď"/>
      </concept>
      <concept>
        <code value="67324005"/>
        <display value="rýže"/>
      </concept>
      <concept>
        <code value="68524009"/>
        <display value="tragant"/>
      </concept>
      <concept>
        <code value="71463006"/>
        <display value="polyethylen"/>
      </concept>
      <concept>
        <code value="72179002"/>
        <display value="oxybenzon"/>
      </concept>
      <concept>
        <code value="72511004"/>
        <display value="ovoce"/>
      </concept>
      <concept>
        <code value="75044009"/>
        <display value="sisalové vlákno"/>
      </concept>
      <concept>
        <code value="75665004"/>
        <display value="glutamát sodný"/>
      </concept>
      <concept>
        <code value="80237000"/>
        <display value="kakaové máslo"/>
      </concept>
      <concept>
        <code value="81911001"/>
        <display value="žvýkací tabák"/>
      </concept>
      <concept>
        <code value="82566005"/>
        <display value="krmivo"/>
      </concept>
      <concept>
        <code value="83595008"/>
        <display value="kozí mléko"/>
      </concept>
      <concept>
        <code value="83619009"/>
        <display value="polyvinylalkohol"/>
      </concept>
      <concept>
        <code value="84212004"/>
        <display value="ethylenimin"/>
      </concept>
      <concept>
        <code value="84791008"/>
        <display value="disiřičitan sodný"/>
      </concept>
      <concept>
        <code value="89889006"/>
        <display value="bavlněné vlákno"/>
      </concept>
      <concept>
        <code value="102259006"/>
        <display value="citrusové ovoce"/>
      </concept>
      <concept>
        <code value="102261002"/>
        <display value="jahoda"/>
      </concept>
      <concept>
        <code value="102262009"/>
        <display value="čokoláda"/>
      </concept>
      <concept>
        <code value="102263004"/>
        <display value="vejce"/>
      </concept>
      <concept>
        <code value="102264005"/>
        <display value="sýr"/>
      </concept>
      <concept>
        <code value="102697003"/>
        <display value="laktalbumin"/>
      </concept>
      <concept>
        <code value="105590001"/>
        <display value="látka"/>
      </concept>
      <concept>
        <code value="111095003"/>
        <display value="formaldehyd"/>
      </concept>
      <concept>
        <code value="115589000"/>
        <display value="ethanolamin"/>
      </concept>
      <concept>
        <code value="116364004"/>
        <display value="diazoniová sůl"/>
      </concept>
      <concept>
        <code value="116549003"/>
        <display value="organochlorinový pesticid"/>
      </concept>
      <concept>
        <code value="116637007"/>
        <display value="houbový antigen"/>
      </concept>
      <concept>
        <code value="119417004"/>
        <display value="organofosfátový insekticid"/>
      </concept>
      <concept>
        <code value="128488006"/>
        <display value="domácí prach"/>
      </concept>
      <concept>
        <code value="226491003"/>
        <display value="jablečná šťáva, jablečný mošt"/>
      </concept>
      <concept>
        <code value="226723006"/>
        <display value="pohanka - obilovina"/>
      </concept>
      <concept>
        <code value="226776001"/>
        <display value="sušené kravské mléko"/>
      </concept>
      <concept>
        <code value="226791004"/>
        <display value="ovčí mléko"/>
      </concept>
      <concept>
        <code value="226915003"/>
        <display value="červené maso"/>
      </concept>
      <concept>
        <code value="226916002"/>
        <display value="hovězí maso"/>
      </concept>
      <concept>
        <code value="226942002"/>
        <display value="jehněčí"/>
      </concept>
      <concept>
        <code value="226955001"/>
        <display value="kuřecí maso"/>
      </concept>
      <concept>
        <code value="226963000"/>
        <display value="kachní maso"/>
      </concept>
      <concept>
        <code value="226967004"/>
        <display value="krůtí maso"/>
      </concept>
      <concept>
        <code value="227067008"/>
        <display value="halibut"/>
      </concept>
      <concept>
        <code value="227072004"/>
        <display value="jazyk mořský"/>
      </concept>
      <concept>
        <code value="227078000"/>
        <display value="ďas mořský"/>
      </concept>
      <concept>
        <code value="227083008"/>
        <display value="platýs"/>
      </concept>
      <concept>
        <code value="227099002"/>
        <display value="treska polák"/>
      </concept>
      <concept>
        <code value="227106004"/>
        <display value="treska bělavá"/>
      </concept>
      <concept>
        <code value="227136008"/>
        <display value="sardinka"/>
      </concept>
      <concept>
        <code value="227139001"/>
        <display value="šproty"/>
      </concept>
      <concept>
        <code value="227151004"/>
        <display value="krevety"/>
      </concept>
      <concept>
        <code value="227156009"/>
        <display value="krevety scampi"/>
      </concept>
      <concept>
        <code value="227183005"/>
        <display value="rybí jikry"/>
      </concept>
      <concept>
        <code value="227215000"/>
        <display value="artyčok"/>
      </concept>
      <concept>
        <code value="227219006"/>
        <display value="lilek"/>
      </concept>
      <concept>
        <code value="227220000"/>
        <display value="červená řepa"/>
      </concept>
      <concept>
        <code value="227227002"/>
        <display value="kapusta"/>
      </concept>
      <concept>
        <code value="227229004"/>
        <display value="bílé zelí"/>
      </concept>
      <concept>
        <code value="227230009"/>
        <display value="kadeřávek"/>
      </concept>
      <concept>
        <code value="227313005"/>
        <display value="luštěniny"/>
      </concept>
      <concept>
        <code value="227350006"/>
        <display value="čočka"/>
      </concept>
      <concept>
        <code value="227362005"/>
        <display value="červené fazole"/>
      </concept>
      <concept>
        <code value="227376006"/>
        <display value="semeno anýzu"/>
      </concept>
      <concept>
        <code value="227379004"/>
        <display value="bobkový list"/>
      </concept>
      <concept>
        <code value="227382009"/>
        <display value="kardamom"/>
      </concept>
      <concept>
        <code value="227383004"/>
        <display value="semeno celeru"/>
      </concept>
      <concept>
        <code value="227385006"/>
        <display value="chilli koření"/>
      </concept>
      <concept>
        <code value="227388008"/>
        <display value="skořice"/>
      </concept>
      <concept>
        <code value="227390009"/>
        <display value="list koriandru"/>
      </concept>
      <concept>
        <code value="227391008"/>
        <display value="semeno koriandru"/>
      </concept>
      <concept>
        <code value="227395004"/>
        <display value="kari koření"/>
      </concept>
      <concept>
        <code value="227396003"/>
        <display value="fenykl"/>
      </concept>
      <concept>
        <code value="227400003"/>
        <display value="zázvor"/>
      </concept>
      <concept>
        <code value="227404007"/>
        <display value="muškátový květ"/>
      </concept>
      <concept>
        <code value="227405008"/>
        <display value="majoránka"/>
      </concept>
      <concept>
        <code value="227407000"/>
        <display value="oregáno"/>
      </concept>
      <concept>
        <code value="227408005"/>
        <display value="paprika"/>
      </concept>
      <concept>
        <code value="227409002"/>
        <display value="mák"/>
      </concept>
      <concept>
        <code value="227411006"/>
        <display value="šalvěj"/>
      </concept>
      <concept>
        <code value="227413009"/>
        <display value="tymián"/>
      </concept>
      <concept>
        <code value="227414003"/>
        <display value="kurkuma"/>
      </concept>
      <concept>
        <code value="227425007"/>
        <display value="fíky"/>
      </concept>
      <concept>
        <code value="227435001"/>
        <display value="nektarinka"/>
      </concept>
      <concept>
        <code value="227444000"/>
        <display value="malina"/>
      </concept>
      <concept>
        <code value="227447007"/>
        <display value="kaki"/>
      </concept>
      <concept>
        <code value="227493005"/>
        <display value="kešu ořech"/>
      </concept>
      <concept>
        <code value="227501001"/>
        <display value="makadamiový ořech"/>
      </concept>
      <concept>
        <code value="227514000"/>
        <display value="dýňové semeno"/>
      </concept>
      <concept>
        <code value="227515004"/>
        <display value="merlík chilský"/>
      </concept>
      <concept>
        <code value="227538001"/>
        <display value="nakládaná zelenina"/>
      </concept>
      <concept>
        <code value="227598003"/>
        <display value="med"/>
      </concept>
      <concept>
        <code value="228104004"/>
        <display value="butylovaný hydroxyanisol"/>
      </concept>
      <concept>
        <code value="229934002"/>
        <display value="mouka z cizrny"/>
      </concept>
      <concept>
        <code value="229941008"/>
        <display value="sójová mouka"/>
      </concept>
      <concept>
        <code value="230034002"/>
        <display value="ořechy a semena"/>
      </concept>
      <concept>
        <code value="255640000"/>
        <display value="biocid"/>
      </concept>
      <concept>
        <code value="255667006"/>
        <display value="parafín"/>
      </concept>
      <concept>
        <code value="255764006"/>
        <display value="freon"/>
      </concept>
      <concept>
        <code value="255769001"/>
        <display value="anhydrid hexahydrofthalový"/>
      </concept>
      <concept>
        <code value="255772008"/>
        <display value="difenylmethan diisokyanát"/>
      </concept>
      <concept>
        <code value="255775005"/>
        <display value="maleinanhydrid"/>
      </concept>
      <concept>
        <code value="255842006"/>
        <display value="balzám peruánský"/>
      </concept>
      <concept>
        <code value="255859001"/>
        <display value="butylovaný hydroxytoluen"/>
      </concept>
      <concept>
        <code value="255864002"/>
        <display value="ethyl-4-hydroxybenzoát"/>
      </concept>
      <concept>
        <code value="255868004"/>
        <display value="methyl 4-hydroxybenzoát"/>
      </concept>
      <concept>
        <code value="255924000"/>
        <display value="eugenol"/>
      </concept>
      <concept>
        <code value="256260009"/>
        <display value="pyl stromů a keřů"/>
      </concept>
      <concept>
        <code value="256272003"/>
        <display value="pyl jilmů"/>
      </concept>
      <concept>
        <code value="256289006"/>
        <display value="pyl chryzantém"/>
      </concept>
      <concept>
        <code value="256292005"/>
        <display value="pyl květin a bylin"/>
      </concept>
      <concept>
        <code value="256293000"/>
        <display value="pyl pelyňku černobýlu"/>
      </concept>
      <concept>
        <code value="256303006"/>
        <display value="pyl ambrózie"/>
      </concept>
      <concept>
        <code value="256305004"/>
        <display value="stromová pryskyřice"/>
      </concept>
      <concept>
        <code value="256306003"/>
        <display value="pomeranč"/>
      </concept>
      <concept>
        <code value="256307007"/>
        <display value="banán"/>
      </concept>
      <concept>
        <code value="256313003"/>
        <display value="ananas"/>
      </concept>
      <concept>
        <code value="256315005"/>
        <display value="grapefruit"/>
      </concept>
      <concept>
        <code value="256316006"/>
        <display value="mandarinka"/>
      </concept>
      <concept>
        <code value="256317002"/>
        <display value="hrozny"/>
      </concept>
      <concept>
        <code value="256318007"/>
        <display value="zelené fazole"/>
      </concept>
      <concept>
        <code value="256319004"/>
        <display value="mrkev"/>
      </concept>
      <concept>
        <code value="256326004"/>
        <display value="celer"/>
      </concept>
      <concept>
        <code value="256329006"/>
        <display value="špenát"/>
      </concept>
      <concept>
        <code value="256331002"/>
        <display value="kopr"/>
      </concept>
      <concept>
        <code value="256350002"/>
        <display value="mandle"/>
      </concept>
      <concept>
        <code value="256351003"/>
        <display value="para ořech"/>
      </concept>
      <concept>
        <code value="256352005"/>
        <display value="vlašský ořech - potravina"/>
      </concept>
      <concept>
        <code value="256353000"/>
        <display value="lískový ořech"/>
      </concept>
      <concept>
        <code value="256354006"/>
        <display value="fazole"/>
      </concept>
      <concept>
        <code value="256363008"/>
        <display value="živočišný materiál"/>
      </concept>
      <concept>
        <code value="256419000"/>
        <display value="myší epitel"/>
      </concept>
      <concept>
        <code value="256435007"/>
        <display value="peří"/>
      </concept>
      <concept>
        <code value="256443002"/>
        <display value="vaječný bílek"/>
      </concept>
      <concept>
        <code value="256506002"/>
        <display value="materiál z nerezové oceli"/>
      </concept>
      <concept>
        <code value="256526003"/>
        <display value="slitina kobaltu a chrómu"/>
      </concept>
      <concept>
        <code value="256579008"/>
        <display value="durapatit"/>
      </concept>
      <concept>
        <code value="256596009"/>
        <display value="zlatá dentální pájka"/>
      </concept>
      <concept>
        <code value="256607001"/>
        <display value="žáruvzdorná dentální keramika"/>
      </concept>
      <concept>
        <code value="256633009"/>
        <display value="polypropylen"/>
      </concept>
      <concept>
        <code value="259221006"/>
        <display value="methanol"/>
      </concept>
      <concept>
        <code value="260118006"/>
        <display value="pyl drnavce"/>
      </concept>
      <concept>
        <code value="260126003"/>
        <display value="pyl olivovníku"/>
      </concept>
      <concept>
        <code value="260152009"/>
        <display value="kočičí lupy a srst"/>
      </concept>
      <concept>
        <code value="260153004"/>
        <display value="kravské lupy a srst"/>
      </concept>
      <concept>
        <code value="260154005"/>
        <display value="psí lupy a srst"/>
      </concept>
      <concept>
        <code value="260167008"/>
        <display value="sezamové semínko"/>
      </concept>
      <concept>
        <code value="260168003"/>
        <display value="bílá fazole"/>
      </concept>
      <concept>
        <code value="260176001"/>
        <display value="kiwi"/>
      </concept>
      <concept>
        <code value="260177005"/>
        <display value="meloun"/>
      </concept>
      <concept>
        <code value="260179008"/>
        <display value="mango (ovoce)"/>
      </concept>
      <concept>
        <code value="260184002"/>
        <display value="hrách"/>
      </concept>
      <concept>
        <code value="260189007"/>
        <display value="pekanový ořech"/>
      </concept>
      <concept>
        <code value="260204008"/>
        <display value="semeno bavlny"/>
      </concept>
      <concept>
        <code value="260205009"/>
        <display value="slunečnicové semeno"/>
      </concept>
      <concept>
        <code value="261249004"/>
        <display value="slitina nikl–kobalt–chrom"/>
      </concept>
      <concept>
        <code value="261712009"/>
        <display value="akrylový polymer"/>
      </concept>
      <concept>
        <code value="264287008"/>
        <display value="zvířecí lupy a srst"/>
      </concept>
      <concept>
        <code value="264295007"/>
        <display value="bílkovina kravského mléka"/>
      </concept>
      <concept>
        <code value="264331002"/>
        <display value="obilí"/>
      </concept>
      <concept>
        <code value="264337003"/>
        <display value="semeno"/>
      </concept>
      <concept>
        <code value="276310004"/>
        <display value="zvířecí chlupy"/>
      </concept>
      <concept>
        <code value="277016007"/>
        <display value="alfa-chloralóza"/>
      </concept>
      <concept>
        <code value="278840001"/>
        <display value="kreveta"/>
      </concept>
      <concept>
        <code value="280939008"/>
        <display value="hmyzí jed"/>
      </concept>
      <concept>
        <code value="288326000"/>
        <display value="jed sršně"/>
      </concept>
      <concept>
        <code value="288328004"/>
        <display value="včelí jed"/>
      </concept>
      <concept>
        <code value="288460008"/>
        <display value="jed čmeláka"/>
      </concept>
      <concept>
        <code value="290008007"/>
        <display value="pyl bodláku"/>
      </concept>
      <concept>
        <code value="301093003"/>
        <display value="anhydrid organické kyseliny"/>
      </concept>
      <concept>
        <code value="303300008"/>
        <display value="vaječná bílkovina"/>
      </concept>
      <concept>
        <code value="303314008"/>
        <display value="jed škorpióna"/>
      </concept>
      <concept>
        <code value="303315009"/>
        <display value="jed pavouků"/>
      </concept>
      <concept>
        <code value="311443003"/>
        <display value="prach z kávových zrn"/>
      </concept>
      <concept>
        <code value="311731000"/>
        <display value="parafínový vosk"/>
      </concept>
      <concept>
        <code value="387293003"/>
        <display value="anthralin (dithranol)"/>
      </concept>
      <concept>
        <code value="395734009"/>
        <display value="guarová guma"/>
      </concept>
      <concept>
        <code value="396049000"/>
        <display value="ethyl-2-kyanoakrylát"/>
      </concept>
      <concept>
        <code value="398705004"/>
        <display value="konopí"/>
      </concept>
      <concept>
        <code value="410853002"/>
        <display value="perfluorochemical"/>
      </concept>
      <concept>
        <code value="412056003"/>
        <display value="fazole Lima"/>
      </concept>
      <concept>
        <code value="412060000"/>
        <display value="pepř černý"/>
      </concept>
      <concept>
        <code value="412061001"/>
        <display value="borůvky"/>
      </concept>
      <concept>
        <code value="412068007"/>
        <display value="žito"/>
      </concept>
      <concept>
        <code value="412070003"/>
        <display value="vanilka"/>
      </concept>
      <concept>
        <code value="412071004"/>
        <display value="pšenice"/>
      </concept>
      <concept>
        <code value="412145001"/>
        <display value="barva na vlasy"/>
      </concept>
      <concept>
        <code value="412150007"/>
        <display value="fragmenty hmyzu"/>
      </concept>
      <concept>
        <code value="412153009"/>
        <display value="králičí lupy a srst"/>
      </concept>
      <concept>
        <code value="412156001"/>
        <display value="hedvábí"/>
      </concept>
      <concept>
        <code value="412357001"/>
        <display value="kukuřice"/>
      </concept>
      <concept>
        <code value="415710007"/>
        <display value="terpeny"/>
      </concept>
      <concept>
        <code value="418266005"/>
        <display value="žlutý parafín"/>
      </concept>
      <concept>
        <code value="418785009"/>
        <display value="parfém"/>
      </concept>
      <concept>
        <code value="418920007"/>
        <display value="adhezivní látka"/>
      </concept>
      <concept>
        <code value="419420009"/>
        <display value="vodní meloun"/>
      </concept>
      <concept>
        <code value="419604006"/>
        <display value="pyl bylin"/>
      </concept>
      <concept>
        <code value="419633007"/>
        <display value="bílý parafín"/>
      </concept>
      <concept>
        <code value="421556008"/>
        <display value="kapsicin - pepř"/>
      </concept>
      <concept>
        <code value="425620007"/>
        <display value="kov"/>
      </concept>
      <concept>
        <code value="430503006"/>
        <display value="glutamát"/>
      </concept>
      <concept>
        <code value="434162003"/>
        <display value="neutrální pufrovaný formalín"/>
      </concept>
      <concept>
        <code value="472731004"/>
        <display value="pyl fíkovníku"/>
      </concept>
      <concept>
        <code value="702730004"/>
        <display value="jed medůzy"/>
      </concept>
      <concept>
        <code value="710039005"/>
        <display value="řepkové semeno"/>
      </concept>
      <concept>
        <code value="710172008"/>
        <display value="chmel"/>
      </concept>
      <concept>
        <code value="710179004"/>
        <display value="semeno lupiny"/>
      </concept>
      <concept>
        <code value="710184005"/>
        <display value="skopové maso"/>
      </concept>
      <concept>
        <code value="710900003"/>
        <display value="pyl slunečnice"/>
      </concept>
      <concept>
        <code value="710902006"/>
        <display value="pyl heřmánku"/>
      </concept>
      <concept>
        <code value="710930006"/>
        <display value="protein švába německého"/>
      </concept>
      <concept>
        <code value="710937009"/>
        <display value="protein švába amerického"/>
      </concept>
      <concept>
        <code value="711088004"/>
        <display value="protein vepří moči"/>
      </concept>
      <concept>
        <code value="711089007"/>
        <display value="protein roztoče"/>
      </concept>
      <concept>
        <code value="711090003"/>
        <display value="protein Acarus siro"/>
      </concept>
      <concept>
        <code value="711092006"/>
        <display value="protein Dermatophagoides farinae"/>
      </concept>
      <concept>
        <code value="711096009"/>
        <display value="protein Glycyphagus domesticus"/>
      </concept>
      <concept>
        <code value="711097000"/>
        <display value="protein Lepidoglyphus destructor"/>
      </concept>
      <concept>
        <code value="719108000"/>
        <display value="lupinová mouka"/>
      </concept>
      <concept>
        <code value="726758002"/>
        <display value="čekanka listová"/>
      </concept>
      <concept>
        <code value="726759005"/>
        <display value="sépie"/>
      </concept>
      <concept>
        <code value="726761001"/>
        <display value="čekanka"/>
      </concept>
      <concept>
        <code value="726763003"/>
        <display value="kapr"/>
      </concept>
      <concept>
        <code value="734881000"/>
        <display value="rajče"/>
      </concept>
      <concept>
        <code value="735004000"/>
        <display value="sladká brambora"/>
      </concept>
      <concept>
        <code value="735006003"/>
        <display value="oliheň"/>
      </concept>
      <concept>
        <code value="735029006"/>
        <display value="mořští korýši, měkkýši a ostnokožci"/>
      </concept>
      <concept>
        <code value="735034005"/>
        <display value="pstruh"/>
      </concept>
      <concept>
        <code value="735035006"/>
        <display value="sleď"/>
      </concept>
      <concept>
        <code value="735042006"/>
        <display value="hlávkový salát"/>
      </concept>
      <concept>
        <code value="735043001"/>
        <display value="makrela"/>
      </concept>
      <concept>
        <code value="735045008"/>
        <display value="houby"/>
      </concept>
      <concept>
        <code value="735047000"/>
        <display value="cibule"/>
      </concept>
      <concept>
        <code value="735049002"/>
        <display value="broskev"/>
      </concept>
      <concept>
        <code value="735050002"/>
        <display value="hruška"/>
      </concept>
      <concept>
        <code value="735051003"/>
        <display value="švestka"/>
      </concept>
      <concept>
        <code value="735053000"/>
        <display value="brambor"/>
      </concept>
      <concept>
        <code value="735106000"/>
        <display value="bazalka"/>
      </concept>
      <concept>
        <code value="735123009"/>
        <display value="brokolice"/>
      </concept>
      <concept>
        <code value="735124003"/>
        <display value="ječmen"/>
      </concept>
      <concept>
        <code value="735211005"/>
        <display value="kokos"/>
      </concept>
      <concept>
        <code value="735212003"/>
        <display value="papája"/>
      </concept>
      <concept>
        <code value="735213008"/>
        <display value="okurka"/>
      </concept>
      <concept>
        <code value="735245003"/>
        <display value="treska"/>
      </concept>
      <concept>
        <code value="735246002"/>
        <display value="úhoř"/>
      </concept>
      <concept>
        <code value="735248001"/>
        <display value="třešeň"/>
      </concept>
      <concept>
        <code value="735249009"/>
        <display value="avokádo"/>
      </concept>
      <concept>
        <code value="735336002"/>
        <display value="květák"/>
      </concept>
      <concept>
        <code value="735337006"/>
        <display value="ančovičky"/>
      </concept>
      <concept>
        <code value="735340006"/>
        <display value="citrón"/>
      </concept>
      <concept>
        <code value="735341005"/>
        <display value="rybí olej"/>
      </concept>
      <concept>
        <code value="735959004"/>
        <display value="mořští měkkýši"/>
      </concept>
      <concept>
        <code value="735971005"/>
        <display value="ryba"/>
      </concept>
      <concept>
        <code value="735972003"/>
        <display value="rak"/>
      </concept>
      <concept>
        <code value="735974002"/>
        <display value="úhoř říční"/>
      </concept>
      <concept>
        <code value="735977009"/>
        <display value="mořští korýši"/>
      </concept>
      <concept>
        <code value="735979007"/>
        <display value="chobotnice"/>
      </concept>
      <concept>
        <code value="736027000"/>
        <display value="hřebenatka"/>
      </concept>
      <concept>
        <code value="736031006"/>
        <display value="ústřice"/>
      </concept>
      <concept>
        <code value="736162008"/>
        <display value="humr"/>
      </concept>
      <concept>
        <code value="736258006"/>
        <display value="hmyzí sliny"/>
      </concept>
      <concept>
        <code value="764166003"/>
        <display value="karbol-fuchsín"/>
      </concept>
      <concept>
        <code value="765099008"/>
        <display value="sardinka pilčard"/>
      </concept>
      <concept>
        <code value="767406000"/>
        <display value="sulfity a sulfitové deriváty"/>
      </concept>
      <concept>
        <code value="770326002"/>
        <display value="měkkýš"/>
      </concept>
      <concept>
        <code value="771518004"/>
        <display value="peckoviny rodu Prunus"/>
      </concept>
      <concept>
        <code value="772245002"/>
        <display value="alkohol tuků ovčí vlny"/>
      </concept>
      <concept>
        <code value="1003736004"/>
        <display value="potraviny z mléka savců"/>
      </concept>
      <concept>
        <code value="1003752001"/>
        <display value="protein latexu Hevea brasiliensis"/>
      </concept>
      <concept>
        <code value="1137358000"/>
        <display value="pepř (Piper)"/>
      </concept>
      <concept>
        <code value="24515005"/>
        <display value="koření"/>
      </concept>
      <concept>
        <code value="37663002"/>
        <display value="jed"/>
      </concept>
      <concept>
        <code value="51386004"/>
        <display value="potravinové konzervanty"/>
      </concept>
      <concept>
        <code value="63045006"/>
        <display value="bobule"/>
      </concept>
      <concept>
        <code value="70813002"/>
        <display value="mléko"/>
      </concept>
      <concept>
        <code value="80259003"/>
        <display value="dochucovadlo"/>
      </concept>
      <concept>
        <code value="87918000"/>
        <display value="minerály"/>
      </concept>
      <concept>
        <code value="116274004"/>
        <display value="umělé sladidlo"/>
      </concept>
      <concept>
        <code value="227038007"/>
        <display value="bílé ryby"/>
      </concept>
      <concept>
        <code value="227110001"/>
        <display value="tučné ryby"/>
      </concept>
      <concept>
        <code value="256248008"/>
        <display value="rostlinný materiál"/>
      </concept>
      <concept>
        <code value="256406004"/>
        <display value="živočišný epitel"/>
      </concept>
      <concept>
        <code value="289954006"/>
        <display value="látky obsažené v houbách"/>
      </concept>
      <concept>
        <code value="735108004"/>
        <display value="zelí"/>
      </concept>
      <concept>
        <code value="442571000124108"/>
        <display value="stromový ořech"/>
      </concept>
      <concept>
        <code value="3692009"/>
        <display value="siřičitan sodný"/>
      </concept>
      <concept>
        <code value="7791007"/>
        <display value="sójový protein"/>
      </concept>
      <concept>
        <code value="10827009"/>
        <display value="mléčný protein"/>
      </concept>
      <concept>
        <code value="14006006"/>
        <display value="ethylenoxid"/>
      </concept>
      <concept>
        <code value="22968009"/>
        <display value="barvivo Sunset Yellow FCF"/>
      </concept>
      <concept>
        <code value="23182003"/>
        <display value="obiloviny"/>
      </concept>
      <concept>
        <code value="35233000"/>
        <display value="polyvinylchlorid"/>
      </concept>
      <concept>
        <code value="55700001"/>
        <display value="nylon"/>
      </concept>
      <concept>
        <code value="63766005"/>
        <display value="mouka"/>
      </concept>
      <concept>
        <code value="73892005"/>
        <display value="karmín"/>
      </concept>
      <concept>
        <code value="79549001"/>
        <display value="kyanoakrylát"/>
      </concept>
      <concept>
        <code value="85066006"/>
        <display value="azočerné barvivo"/>
      </concept>
      <concept>
        <code value="89811004"/>
        <display value="lepek"/>
      </concept>
      <concept>
        <code value="111088007"/>
        <display value="latex"/>
      </concept>
      <concept>
        <code value="128489003"/>
        <display value="písek"/>
      </concept>
      <concept>
        <code value="226934003"/>
        <display value="vepřové maso"/>
      </concept>
      <concept>
        <code value="227066004"/>
        <display value="štikozubec"/>
      </concept>
      <concept>
        <code value="227081005"/>
        <display value="parmice červená"/>
      </concept>
      <concept>
        <code value="227131003"/>
        <display value="pangas"/>
      </concept>
      <concept>
        <code value="227147001"/>
        <display value="srdcovky"/>
      </concept>
      <concept>
        <code value="227150003"/>
        <display value="mušle"/>
      </concept>
      <concept>
        <code value="227339008"/>
        <display value="fazolové výhonky"/>
      </concept>
      <concept>
        <code value="227346004"/>
        <display value="cizrna"/>
      </concept>
      <concept>
        <code value="227374009"/>
        <display value="bylinky a koření"/>
      </concept>
      <concept>
        <code value="227387003"/>
        <display value="pažitka"/>
      </concept>
      <concept>
        <code value="227389000"/>
        <display value="hřebíček"/>
      </concept>
      <concept>
        <code value="227398002"/>
        <display value="semeno pískavice"/>
      </concept>
      <concept>
        <code value="227410007"/>
        <display value="rozmarýn"/>
      </concept>
      <concept>
        <code value="227423000"/>
        <display value="datle"/>
      </concept>
      <concept>
        <code value="227511008"/>
        <display value="piniový oříšek"/>
      </concept>
      <concept>
        <code value="227512001"/>
        <display value="pistáciový ořech"/>
      </concept>
      <concept>
        <code value="229944000"/>
        <display value="pšeničná mouka"/>
      </concept>
      <concept>
        <code value="255620007"/>
        <display value="potravina"/>
      </concept>
      <concept>
        <code value="255786007"/>
        <display value="diisokyanát toluenu"/>
      </concept>
      <concept>
        <code value="255844007"/>
        <display value="směs parabenů"/>
      </concept>
      <concept>
        <code value="255871007"/>
        <display value="propyl-4-hydroxybenzoát"/>
      </concept>
      <concept>
        <code value="256186006"/>
        <display value="toluánský balzám"/>
      </concept>
      <concept>
        <code value="256218005"/>
        <display value="extrakt z řebříčku"/>
      </concept>
      <concept>
        <code value="256262001"/>
        <display value="pyl břízy bělokoré"/>
      </concept>
      <concept>
        <code value="256267007"/>
        <display value="pyl borovice"/>
      </concept>
      <concept>
        <code value="256270006"/>
        <display value="pyl dubu"/>
      </concept>
      <concept>
        <code value="256277009"/>
        <display value="pyl trav"/>
      </concept>
      <concept>
        <code value="256281009"/>
        <display value="pyl srhy"/>
      </concept>
      <concept>
        <code value="256417003"/>
        <display value="koňské lupy a srst"/>
      </concept>
      <concept>
        <code value="256440004"/>
        <display value="vosí jed"/>
      </concept>
      <concept>
        <code value="256496006"/>
        <display value="zlatá slitina"/>
      </concept>
      <concept>
        <code value="256501007"/>
        <display value="uhlíkové vlákno"/>
      </concept>
      <concept>
        <code value="256504004"/>
        <display value="polykarbonátový zubní materiál"/>
      </concept>
      <concept>
        <code value="260108001"/>
        <display value="pyl pelyňku pravého"/>
      </concept>
      <concept>
        <code value="260131001"/>
        <display value="pyl gumovníku"/>
      </concept>
      <concept>
        <code value="260156007"/>
        <display value="myší močové proteiny"/>
      </concept>
      <concept>
        <code value="261243003"/>
        <display value="mosaz"/>
      </concept>
      <concept>
        <code value="286550009"/>
        <display value="slepičí vejce"/>
      </concept>
      <concept>
        <code value="289949002"/>
        <display value="pyl cypřiše"/>
      </concept>
      <concept>
        <code value="289955007"/>
        <display value="pyl chmele"/>
      </concept>
      <concept>
        <code value="311846002"/>
        <display value="pyretroidní insekticid"/>
      </concept>
      <concept>
        <code value="373780001"/>
        <display value="meskalin"/>
      </concept>
      <concept>
        <code value="387239001"/>
        <display value="genciánová violeť"/>
      </concept>
      <concept>
        <code value="391737006"/>
        <display value="mandlový olej"/>
      </concept>
      <concept>
        <code value="409595003"/>
        <display value="biologicky rizikový materiál"/>
      </concept>
      <concept>
        <code value="412161004"/>
        <display value="vlna"/>
      </concept>
      <concept>
        <code value="418504009"/>
        <display value="oves"/>
      </concept>
      <concept>
        <code value="431510009"/>
        <display value="formalín"/>
      </concept>
      <concept>
        <code value="698730007"/>
        <display value="pyl růže"/>
      </concept>
      <concept>
        <code value="710171001"/>
        <display value="koňské maso"/>
      </concept>
      <concept>
        <code value="710178007"/>
        <display value="lněné semeno"/>
      </concept>
      <concept>
        <code value="710183004"/>
        <display value="králičí maso"/>
      </concept>
      <concept>
        <code value="710932003"/>
        <display value="protein molů"/>
      </concept>
      <concept>
        <code value="711143002"/>
        <display value="methyltetrahydroftalový anhydrid"/>
      </concept>
      <concept>
        <code value="711316002"/>
        <display value="protein perloočky"/>
      </concept>
      <concept>
        <code value="720687003"/>
        <display value="protein roztočů prachu"/>
      </concept>
      <concept>
        <code value="726731009"/>
        <display value="mečoun"/>
      </concept>
      <concept>
        <code value="726764009"/>
        <display value="bob koňský"/>
      </concept>
      <concept>
        <code value="735030001"/>
        <display value="česnek"/>
      </concept>
      <concept>
        <code value="735046009"/>
        <display value="muškátový oříšek"/>
      </concept>
      <concept>
        <code value="735214002"/>
        <display value="meruňka"/>
      </concept>
      <concept>
        <code value="735215001"/>
        <display value="jablko"/>
      </concept>
      <concept>
        <code value="762766007"/>
        <display value="poživatelná látka"/>
      </concept>
      <concept>
        <code value="782576004"/>
        <display value="stromový pyl"/>
      </concept>
      <concept>
        <code value="785344003"/>
        <display value="sisalový prach"/>
      </concept>
      <concept>
        <code value="442461000124102"/>
        <display value="ořech hikorový"/>
      </concept>
      <concept>
        <code value="14321009"/>
        <display value="kaptafol"/>
      </concept>
      <concept>
        <code value="15896008"/>
        <display value="methylová fialová 2B"/>
      </concept>
      <concept>
        <code value="77249007"/>
        <display value="ftalanhydrid"/>
      </concept>
      <concept>
        <code value="84181009"/>
        <display value="styren"/>
      </concept>
      <concept>
        <code value="125706008"/>
        <display value="natrium-benzoát"/>
      </concept>
      <concept>
        <code value="226793001"/>
        <display value="sójové mléko"/>
      </concept>
      <concept>
        <code value="227042005"/>
        <display value="cejn"/>
      </concept>
      <concept>
        <code value="227105000"/>
        <display value="kambala velká"/>
      </concept>
      <concept>
        <code value="227144008"/>
        <display value="tuňák"/>
      </concept>
      <concept>
        <code value="227392001"/>
        <display value="kmín"/>
      </concept>
      <concept>
        <code value="255814009"/>
        <display value="tetrachlorftalový anhydrid"/>
      </concept>
      <concept>
        <code value="255840003"/>
        <display value="kalafuna"/>
      </concept>
      <concept>
        <code value="256259004"/>
        <display value="pyl"/>
      </concept>
      <concept>
        <code value="256290002"/>
        <display value="pyl jiřinek"/>
      </concept>
      <concept>
        <code value="256330001"/>
        <display value="bylina"/>
      </concept>
      <concept>
        <code value="256355007"/>
        <display value="sójové boby"/>
      </concept>
      <concept>
        <code value="261250004"/>
        <display value="nikl–titan"/>
      </concept>
      <concept>
        <code value="289122001"/>
        <display value="kosmetické látky"/>
      </concept>
      <concept>
        <code value="301712000"/>
        <display value="kvartérní amoniová sloučenina"/>
      </concept>
      <concept>
        <code value="408742009"/>
        <display value="Rose bengal"/>
      </concept>
      <concept>
        <code value="412548006"/>
        <display value="ndigotin-disulfonan sodný"/>
      </concept>
      <concept>
        <code value="710226003"/>
        <display value="šípek"/>
      </concept>
      <concept>
        <code value="710943006"/>
        <display value="protein švába"/>
      </concept>
      <concept>
        <code value="711094007"/>
        <display value="protein roztoče Dermatophagoides pteronyssinus"/>
      </concept>
      <concept>
        <code value="711098005"/>
        <display value="protein roztoče Tyrophagus putrescentiae"/>
      </concept>
      <concept>
        <code value="726749009"/>
        <display value="mořský vlk"/>
      </concept>
      <concept>
        <code value="726755004"/>
        <display value="pór"/>
      </concept>
      <concept>
        <code value="735009005"/>
        <display value="losos"/>
      </concept>
      <concept>
        <code value="736030007"/>
        <display value="škeble"/>
      </concept>
      <concept>
        <code value="736159005"/>
        <display value="krab"/>
      </concept>
      <concept>
        <code value="773757000"/>
        <display value="jed mravence"/>
      </concept>
      <concept>
        <code value="1137359008"/>
        <display value="sladká paprika"/>
      </concept>
      <concept>
        <code value="711319009"/>
        <display value="protein potemníka moučného"/>
      </concept>
      <concept>
        <code value="762952008"/>
        <display value="burský ořech"/>
      </concept>
    </include>
  </compose>
</ValueSet>