{
  "resourceType" : "ValueSet",
  "id" : "eHDSIAbsentOrUnknownDevice-cz",
  "language" : "cs",
  "text" : {
    "status" : "extensions",
    "div" : "<div xml:lang=\"cs\" xmlns=\"http://www.w3.org/1999/xhtml\" lang=\"cs\"><p class=\"res-header-id\"><b>Generated Narrative: ValueSet eHDSIAbsentOrUnknownDevice-cz</b></p><a name=\"eHDSIAbsentOrUnknownDevice-cz\"> </a><a name=\"hceHDSIAbsentOrUnknownDevice-cz\"> </a><div style=\"display: inline-block; background-color: #d9e0e7; padding: 6px; margin: 4px; border: 1px solid #8da1b4; border-radius: 5px; line-height: 60%\"><p style=\"margin-bottom: 0px\">Language: cs</p></div><p>This ValueSet requires the Code system Supplement <a href=\"CodeSystem-absent-unknown-uv-ips-cz.html\">Absent a Unknown Data - IPS</a>.</p><ul><li>Include these codes as defined in <a href=\"http://hl7.org/fhir/uv/ips/STU1.1/CodeSystem-absent-unknown-uv-ips.html\"><code>http://hl7.org/fhir/uv/ips/CodeSystem/absent-unknown-uv-ips</code></a><span title=\"Version is explicitly stated to be 1.1.0\"> version &#x1F4CD;1.1.0</span><table class=\"none\"><tr><td style=\"white-space:nowrap\"><b>Code</b></td><td><b>Display</b></td><td><b>Definition</b></td></tr><tr><td><code>no-device-info</code></td><td>žádné informace o používaných zdravotnických prostředcích a implantátech</td><td>There is no information available regarding implanted or external devices for the subject.</td></tr><tr><td><code>no-known-devices</code></td><td>žádné implantáty ani jiné zdravotnické prostředky</td><td>There are no devices known to be implanted in or used by the subject that have to be reported in this record. This can mean either that there are none known, or that those known are not relevant for the purpose of this record.</td></tr></table></li></ul></div>"
  },
  "extension" : [{
    "url" : "http://hl7.org/fhir/StructureDefinition/valueset-supplement",
    "valueCanonical" : "https://ncez.mzcr.cz/terminology/CodeSystem/absent-unknown-uv-ips-cz"
  }],
  "url" : "https://ncez.mzcr.cz/terminology/ValueSet/eHDSIAbsentOrUnknownDevice-cz",
  "identifier" : [{
    "system" : "urn:ietf:rfc:3986",
    "value" : "urn:oid:1.3.6.1.4.1.12559.11.10.1.3.1.42.48"
  }],
  "version" : "0.2.0",
  "name" : "EHDSIAbsentOrUnknownDeviceCZ",
  "title" : "eHDSI Absent Or Unknown Device",
  "status" : "active",
  "experimental" : false,
  "date" : "2025-12-23T18:27:27+01:00",
  "publisher" : "HL7 Czech Republic",
  "contact" : [{
    "name" : "HL7 Czech Republic",
    "telecom" : [{
      "system" : "url",
      "value" : "https://www.hl7.cz/"
    }]
  }],
  "description" : "The Value set is used to encode absent or unknown medical devices.",
  "jurisdiction" : [{
    "coding" : [{
      "system" : "urn:iso:std:iso:3166",
      "code" : "CZ",
      "display" : "Czechia"
    }]
  }],
  "compose" : {
    "include" : [{
      "system" : "http://hl7.org/fhir/uv/ips/CodeSystem/absent-unknown-uv-ips",
      "version" : "1.1.0",
      "concept" : [{
        "code" : "no-device-info",
        "display" : "žádné informace o používaných zdravotnických prostředcích a implantátech"
      },
      {
        "code" : "no-known-devices",
        "display" : "žádné implantáty ani jiné zdravotnické prostředky"
      }]
    }]
  }
}